ticker,period,waves_per_yr,amp_cv,amp_skew,up_dn_amp,up_dn_days,maxwave_pos,late_amp_ratio,days_mean_log,days_cv,amp_vol_corr,yz20_med,yz60_med,yz_ratio,state
000100,23,17.883870967741935,0.6311981224837081,1.1853595700069723,0.23710875506559345,-0.32423966818557853,1.0,1.5488691343273016,2.4304184645039304,0.5356775149285248,0.790909090909091,46.88002448004141,54.39464442091663,0.8618500034171456,3
000100,24H1,24.99173553719008,0.4893158389870944,0.7019086010903527,0.5687869753103888,0.3275035666384525,0.0,0.7566939136321947,2.7673667782586295,0.7436029645060102,0.8601398601398602,40.14184543748531,39.61306354728937,1.0133486744736289,3
000100,24H2,24.585365853658537,0.8102649744659011,2.302032580690535,0.6183965700793227,0.011560822401076006,0.36312849162011174,0.7634148676715672,2.6683849447097785,0.710129834698285,0.8951048951048951,51.0613259535947,65.18982051649155,0.7832714609281266,2
000100,25H1,23.491525423728813,0.45054657565386197,1.2416071166211846,-0.05530526718265856,-0.43363598507486073,0.0,0.6584595490348513,2.57191802677763,0.5576436453374011,0.690909090909091,46.00178915482316,48.55474064894347,0.947421169179371,3
000100,25H2,28.451612903225808,0.7888106983288629,2.7270488006923936,0.3213014761746165,0.0870113769896297,0.10828025477707007,0.7924090338562904,2.4423470353692043,0.605101668865735,0.5648351648351648,32.238231597370756,34.27096959653365,0.9406863002974829,3
000100,26,34.285714285714285,0.421890211277999,0.9235282235421591,-0.25404330084228555,-0.20701416938432615,1.0,1.241894608147959,2.411439497906128,0.6605152756757696,0.4270676691729323,41.62394476602139,41.62756811780513,0.9999129578798961,3
000150,23,20.655737704918035,0.7697122601743404,1.504398639851856,0.3529334763094922,-0.20131614826968847,0.8082191780821918,1.1332233851084408,2.6438079323738566,0.735099310755028,0.8892857142857141,38.482017938729626,57.113414057711644,0.6737824830405784,3
000150,24H1,27.074380165289256,0.9347599746193034,1.9948883252692147,0.9117517470396354,0.012903404835907782,0.44970414201183434,1.3972801160225063,2.559014621941722,0.5039291948368532,0.8296703296703297,73.05515145726095,67.07403733691642,1.0891718220315423,2
000150,24H2,14.341463414634147,0.6509356100940938,1.2247303407376542,0.4870704889116177,0.5921712632199431,0.7806451612903226,1.0256943087553256,2.9885637840753785,0.8210479261578564,0.8571428571428573,68.83434218688461,75.27888082535921,0.9143911470545717,2
000150,25H1,19.220338983050848,1.153746789458258,2.6000598252017597,1.1526625933059038,0.842407875093012,1.0,4.139293761254546,2.8779492378976075,0.8735870287927815,0.7999999999999999,75.93762047948518,77.72980848970255,0.9769433625910091,1
000150,25H2,20.322580645161292,0.963948147934393,2.919244353048628,0.627375631154073,-0.09798040836020379,0.7185185185185186,0.5304361978567816,2.6602595372658615,0.47663155556997305,0.9393939393939393,67.0539475545669,68.50828134440769,0.9787714162244197,2
000150,26,24.0,0.5267535790742621,1.1222808046826311,0.540159484548509,-0.13491931789937064,0.587378640776699,1.3851368862163755,2.623632859289627,0.6382269181438868,0.2351648351648352,103.01215308366349,97.24287261527674,1.0593285689040866,2
000250,23,14.632258064516128,0.6358306081147336,1.8932599339845209,0.5991871378172445,-0.2406935630158617,0.36075949367088606,0.5693903194696611,2.8653704556907473,0.5252497288717615,0.7999999999999999,63.43228043666404,79.05550634573414,0.8023764993579965,3
000250,24H1,14.578512396694215,0.8620056097700937,1.9301086096305513,0.9292160415271254,0.4054651081081644,0.4873417721518987,0.7757602167189541,3.0239031505206873,0.4273514289518177,0.9285714285714288,68.14162026236448,75.21648149869137,0.9059400134736431,2
000250,24H2,14.341463414634147,0.5338569431562724,0.5640883483363013,0.018463867599950674,-0.4265185173059967,0.09202453987730061,1.0581860390159774,3.016934481204594,0.6740668710698065,0.3571428571428572,73.57648287942385,80.7825841018318,0.9107963516823852,3
000250,25H1,27.76271186440678,1.0950809095566085,3.193466219471284,0.6714864569822036,0.20550489224961194,0.0,0.9159362838293518,2.5288008433452256,0.8085135464802734,0.7472527472527472,66.93087111352267,76.35720167694171,0.8765495545095965,2
000250,25H2,26.41935483870968,0.7459875543481176,1.802618162001887,0.6205736515826835,0.0588405000229336,0.13068181818181818,0.5277297255075108,2.559014621941722,0.471178986361031,0.8681318681318682,62.28209584336281,62.23811625537972,1.0007066343043325,2
000250,26,12.0,1.0036284144315062,2.2419406380754605,0.7363082382403282,-0.4935341266559297,0.0,0.5924644865826434,3.1039458581942236,1.1941615493012234,0.8571428571428573,123.1468846909124,122.354209201523,1.0064785306084878,2
000270,23,11.01639344262295,0.36237581508679567,-0.6742318677234161,-0.14403200810388236,-0.12516314295400605,0.5517241379310345,1.173463666914232,3.1780538303479458,0.30699516567208635,0.5952380952380953,24.490985532837513,24.594727900463855,0.9957819265963749,3
000270,24H1,16.661157024793386,0.5492812234947846,0.7335992369672044,0.7564908554209773,0.5978370007556204,0.24285714285714285,0.6577491376842102,2.9639835752394106,0.5544742131424942,0.523809523809524,37.291723913639125,38.40935745604313,0.9709020505307057,3
000270,24H2,24.585365853658537,0.5733427814034567,1.819909210156058,-0.14746435204030617,-0.03278982282299084,0.25766871165644173,0.6065014084257843,2.7245795030534206,0.734535333603389,0.9160839160839163,33.4839105345612,36.105366811439666,0.9273942765747534,3
000270,25H1,21.35593220338983,0.47595373450171746,0.5454266394355292,0.05116122728189298,0.17733401528291545,0.6546762589928058,0.8141789180267329,2.6878474937846906,0.6952619095311531,0.6848484848484848,33.14320257555062,35.27115558323591,0.939668747096659,3
000270,25H2,30.483870967741936,0.522253162984391,0.9721502276522369,0.5543735255011998,0.36545977349446535,0.6644736842105263,1.0577952008837153,2.4849066497880004,0.7559289460184545,0.6178571428571428,31.733566040797662,32.87230271228563,0.9653587799596899,3
000270,26,27.428571428571427,0.5022580392419311,1.198582444301264,0.27530114549849743,0.10536051565782635,0.07511737089201878,0.9179311099574031,2.56974552972503,0.5035348139886713,0.6882352941176471,63.06173475660935,63.26934838674186,0.9967185748640329,3
000500,23,21.13548387096774,0.6951120339244958,2.2333256892689266,0.3342253700701468,0.07717845607339083,0.8994082840236687,1.4913881683787111,2.540996116439044,0.7344511057185182,0.7747252747252747,57.04287789468812,64.66068998019705,0.8821878936361187,2
000500,24H1,22.90909090909091,0.7104536107720669,1.4354829781801304,0.949473340714014,-0.043634935896869925,0.78125,1.8024846085479147,2.6772785424354564,0.5319701001936106,0.8272727272727273,85.3358684683459,77.40439581057029,1.1024679874407401,2
000500,24H2,24.585365853658537,0.40632080339328136,0.7719924354853176,0.16962199320339055,-0.10227884912041818,0.7602739726027398,0.9333249228905207,2.4350742760401247,0.6050754291012309,0.3426573426573427,76.60102665535453,79.81292153230736,0.9597572070375511,3
000500,25H1,14.94915254237288,0.9286101718981378,1.57014976007576,0.8369879329363941,0.4160472174387013,1.0,2.9481898720263136,3.0099169085459474,0.6387651331475457,0.6785714285714287,72.49428139831275,75.20118659941284,0.9640044881802274,1
000500,25H2,24.387096774193548,0.9113406910227448,2.157848685509725,0.4009151950761429,-0.1743533871447778,0.7391304347826086,1.625045158638753,2.7300291078209855,0.3796010061499847,0.7412587412587414,49.87758991154814,56.01418273412922,0.89044573136578,2
000500,26,20.57142857142857,1.6762351545354444,3.3314779777969066,1.228994119361721,-0.047402238894583906,0.6036866359447005,0.7744533749213831,2.8669514836880663,0.4883043143176641,0.8671328671328673,118.22559694328531,92.32975049872158,1.280471314009695,2
000660,23,27.54098360655738,0.8294453333306135,3.2555809906071835,0.5756359742709085,0.12629372532429206,0.19534883720930232,1.0069283339766875,2.4069451083182885,0.5203269711846085,0.6947368421052631,38.49757229488385,37.86567449088914,1.0166878792597964,2
000660,24H1,24.99173553719008,0.5699551190205253,1.0379313947614421,0.9249102938384305,0.5276327420823719,0.4057142857142857,1.0467214237411253,2.583997552432231,0.5017848978962558,0.8601398601398602,43.3903139534151,42.33356471765201,1.0249624439333467,2
000660,24H2,26.634146341463417,0.5011879078307553,0.8562762544665398,-0.1098432434874352,-0.07516226850862788,0.15384615384615385,0.9394871319749931,2.4589311633847397,0.5136145628834033,0.7747252747252747,50.1099641906081,56.58985283415385,0.8854938064155042,3
000660,25H1,14.94915254237288,0.42306846794042685,1.2993047660284598,0.31876116652178826,0.42933258951480785,0.2268041237113402,1.0905652408560036,2.649209701079277,0.30117275789647624,0.9642857142857145,44.295254684218946,50.731826800072795,0.8731255599917681,3
000660,25H2,24.387096774193548,1.0428080142123037,1.5869278499299053,1.2857605435063633,0.6440144919823008,0.7869822485207101,1.1990913263617469,2.8716796248840124,0.8686699759427841,0.8951048951048951,48.34159062129959,49.67501689772623,0.9731570040696317,2
000660,26,29.142857142857142,0.9668720069393909,2.4705506340703627,0.8255253655089742,0.47000362924573563,0.5714285714285714,0.9666590759996007,2.370793343020579,0.8710914221070012,0.8725490196078433,91.3997826454349,86.20865192183508,1.0602158902601397,2
000720,23,19.278688524590166,0.43119024588480687,0.3776552973312225,-0.08436603965865315,-0.020619287202735703,0.2560386473429952,0.9191378170892516,2.6288008294480694,0.442015366783929,0.7318681318681319,27.402771278451212,27.93064633620131,0.9811005068985492,3
000720,24H1,27.074380165289256,0.4405655942933485,0.647766087965046,-0.06994847846340786,-0.4700036292457356,0.7485380116959064,0.868249852317714,2.5825451193519164,0.48997292081626836,0.5274725274725275,22.978964830004887,24.46890197825876,0.9391089494094291,3
000720,24H2,24.585365853658537,0.47588262155842737,1.2475895225242883,-0.4472946968540228,-0.44425113314332093,1.0,1.3905828517918617,2.532373187026924,0.6592224519550828,0.7972027972027973,26.82612893884906,27.360908906460697,0.9804545978556524,3
000720,25H2,22.35483870967742,1.3198718758944503,3.099273391649531,0.9303793728866756,0.08656801630845902,0.0,0.8575599201189472,2.982002080742089,1.0046822785931435,0.8909090909090911,56.88017667106767,59.071142647104736,0.9629097072131133,2
000720,26,24.0,0.4941341664683924,0.6765027987310477,0.5391860857366894,-0.25518290505882646,0.2764976958525346,0.9915438651894188,2.64414639912273,0.7574777481112727,0.6043956043956044,89.01207730626527,90.25276764518459,0.9862531601934147,2
000810,23,22.761290322580646,0.40353116562220376,1.2194013456072363,0.2795092042387864,0.20613220548767314,0.4090909090909091,1.1461995998566314,2.581298495463066,0.6911475986288373,0.6351648351648352,30.840932175966486,31.188484334188015,0.9888563947353943,3
000810,24H1,29.15702479338843,0.8121253151943079,1.8225406187183735,0.487979330583949,0.13176927763112337,0.2485207100591716,1.0645664597151017,2.3848231912310176,0.5120017079931025,0.767032967032967,47.115605370866945,45.32765366385126,1.0394450531297095,2
000810,24H2,26.634146341463417,0.5256863529025997,2.114628327448575,0.3529829431306446,0.12942461067186914,1.0,1.6396380841597256,2.390877700139724,0.4950742625352782,0.5054945054945055,42.47426776643986,44.87504795584058,0.9465007771855037,3
000810,25H1,19.220338983050848,0.443725700029292,-0.071431843218807,0.07254849767144571,-0.22705745063534608,0.0,0.8338381169518662,2.677972745864932,0.6888334920318335,0.6166666666666666,38.73087597347961,39.12437016863915,0.98994247847407,3
000810,25H2,18.290322580645164,0.6096437903103955,1.3613206223357293,0.7441163297255843,0.4029929189627753,0.0,0.8693114547481244,2.846200539583027,0.6516288723689972,0.5333333333333333,37.18214927116636,36.10312675367353,1.0298872317861787,3
000810,26,20.57142857142857,0.6816793129008266,2.038119052736201,0.2927725050196389,-0.03141619623337904,0.685,0.6505598957216681,2.7673667782586295,0.5853751376450003,0.7762237762237763,64.13824718190834,62.71883139336178,1.0226314131978038,2
000880,23,19.509677419354837,0.6534276310944047,1.5331279063891747,-0.14953539131808927,-0.08994823666293952,0.39487179487179486,0.8172692767866947,2.6968769005040847,0.49692908735946023,0.7762237762237763,29.02246748249842,33.775798694761825,0.8592681329249934,3
000880,24H1,22.90909090909091,0.6852684846529569,2.8752776853523487,0.32071582145430344,-0.6403596759578928,0.07741935483870968,0.6389991875159423,2.6390573296152584,0.6947323666164473,0.6818181818181819,31.783830488553683,40.43586121119444,0.786030754298724,3
000880,24H2,24.585365853658537,0.4633333740050243,2.26511548884957,0.15578231969868522,0.1376213778760477,0.0,0.8288769921501945,2.3902906734131513,0.7185900698227801,0.6923076923076924,32.32313845907473,33.88593990310518,0.9538805342717601,3
000880,25H1,17.084745762711865,1.1123495630357085,2.1075480666962916,1.5039776279498038,0.6931471805599453,0.9666666666666667,1.9769608249021131,2.9509963797125995,0.8675136304762142,0.6666666666666669,74.77563684481922,70.43713900804062,1.0615938963148879,1
000880,25H2,20.322580645161292,0.377162341932564,-0.13697642784334296,0.10148157785725052,-0.17733401528291554,0.6781609195402298,0.7196150174709877,2.6878474937846906,0.5480308588060635,0.3696969696969697,49.27730926001412,53.14242815831232,0.9272686809344892,3
000880,26,17.142857142857142,0.5796710600422079,1.9325708134207817,0.4072786187546433,-0.12445417447340598,0.0,1.5034201637815061,2.8735646395797834,0.7945617950371269,0.6969696969696969,84.78545898754705,79.22655279395933,1.0701646859234744,2
000990,23,19.278688524590166,0.5233883144501271,1.9504713098124702,0.06550271878599899,-0.05182506786458602,1.0,1.3604616068613289,2.623632859289627,0.4904816834037693,0.7230769230769231,35.542936681669715,36.03474986249209,0.9863516971062898,3
000990,24H1,24.99173553719008,0.8456864516133018,2.0251831312609943,0.10862107509117414,-1.1682055804673048,1.0,1.3348419440756534,2.5649493574615367,1.4959151840135314,0.9160839160839163,31.587050531029558,31.11496992378479,1.0151721376688172,2
000990,24H2,24.585365853658537,0.46063532979477695,1.7092199355693518,-0.31275807316913745,-0.243230309880947,0.47126436781609193,0.8373714053903989,2.571339155560308,0.7777342505923118,0.7622377622377624,48.33605084083429,49.756990032771945,0.9714424206327238,3
000990,25H1,19.220338983050848,0.7600507459519137,2.387314593596374,0.5794626726337547,0.15963014559188393,0.3741496598639456,0.5924983118190975,2.6390573296152584,0.34069257193462343,0.43333333333333335,54.74769776621756,52.95123172942752,1.0339268035533093,2
000990,25H2,20.322580645161292,0.6737039260426272,1.1004622960420731,0.8131534258434086,0.6673946844575306,0.7737226277372263,1.497280516865327,2.856470206220483,0.8551016875681932,0.8909090909090909,48.71211872487527,43.22882538042563,1.1268434498553948,1
000990,26,15.428571428571427,0.7798833844882618,1.5407902130548918,0.6386440988576308,-0.2016373460932461,0.5191256830601093,0.9457100286934341,3.028522096376982,0.8846373531668816,0.7333333333333334,86.83454295026355,80.50830003962368,1.0785787665063888,2
001040,23,13.006451612903225,0.4821314094220307,-0.10415380763791603,0.4069893804393229,0.2806149052286885,0.43125,1.4816172296011012,3.0265039322207445,0.6347826165087521,0.880952380952381,46.31245712006308,50.37245099759446,0.9194005096610195,3
001040,24H1,20.826446280991735,0.6592124333423824,1.325327648732388,0.7314253458270753,0.06252035698133393,0.7054263565891473,1.2940944350480368,2.5494451709255714,0.4477349437570303,0.8666666666666665,52.76859559515476,51.874027952160674,1.0172450005968126,2
001040,24H2,24.585365853658537,0.4107432830399607,0.5052088559233686,-0.11393588640312102,-0.18430371799794576,0.0,0.8797309482863648,2.7354491752903245,0.594791122312602,0.7482517482517484,47.19123208575853,50.783461587869326,0.9292637919946585,3
001040,25H1,19.220338983050848,0.40144299639416614,1.622813339098107,0.4992694111035306,-0.021309786586751096,0.39361702127659576,0.7501909834269056,2.7999876964278956,0.6142427057230444,0.7833333333333333,51.16318192168737,56.79585983671003,0.9008259064795076,3
001040,25H2,30.483870967741936,0.6619574304968076,1.6865938280480257,0.4725301667425895,0.22708314931828993,0.5061728395061729,0.5695575524625289,2.512305623976115,0.6352378131084098,0.7857142857142856,50.422256622461504,49.766824577238054,1.013170059588717,2
001040,26,17.142857142857142,0.36903084300624484,0.38514193094601634,0.048041801189920956,-0.010152371464017962,0.24766355140186916,0.9580526771309639,2.9806186357439426,0.5226482096499523,0.8303030303030302,67.63300950685233,68.25735921368772,0.9908530052432766,3
001440,23,23.40983606557377,0.46927290588718584,2.1330192761423037,-0.44231671577205717,-0.561570822771226,1.0,1.5730340074616624,2.5466840094842436,0.637968046166961,0.5612745098039216,37.284113262486265,38.17055338252798,0.976776859608028,3
001440,24H1,20.826446280991735,0.9138872532635942,1.6346331676459136,0.8976911742886933,0.14660347419187544,0.8313253012048193,2.0911670651537024,2.797281334830153,0.47248994133480626,0.9151515151515152,70.26752114610632,58.560466493237826,1.1999139582370018,1
001440,24H2,26.634146341463417,0.36971169529085235,0.7506936739262509,-0.179725350855278,-0.3321338350226148,0.19318181818181818,0.8875081483747705,2.5649493574615367,0.4259807109188757,0.4175824175824176,48.349750208278856,52.69251832892231,0.9175828322811483,3
001440,25H1,14.94915254237288,0.5026726688368475,1.107361901416971,0.11612754992876582,-0.13353139262452263,0.1935483870967742,1.1406435491849238,2.717528945056754,0.18844324863620926,0.42857142857142866,47.588760618425155,46.173892076738156,1.0306421763046436,3
001440,25H2,20.322580645161292,0.9884043789628753,1.7416788749897736,1.0495752970385472,0.04879016416943205,0.6961325966850829,0.5649657980886086,3.0204248861443626,0.699848429809995,0.8666666666666665,45.28304017642725,49.27656393000666,0.9189569354054011,2
001440,26,22.285714285714285,1.024308660766625,3.0733132921125628,0.5194038017376428,0.2135741002980591,0.5502645502645502,0.8452057400782872,2.605534637576615,0.7721108002158223,0.5824175824175823,95.96648417410482,90.84136896623569,1.056418295609064,2
001450,23,9.754838709677419,0.2949039262249137,0.8550745438800624,0.030682063106508808,0.10265415406008337,0.582089552238806,0.8144034657457917,3.258096538021482,0.5251091743346465,0.6,30.400640661978535,31.069099437037966,0.9784847714555076,3
001450,24H1,18.74380165289256,0.4309917253215048,0.9822863588170763,0.34703913962723926,-0.4700036292457356,0.15436241610738255,0.6908003338564394,2.908720896564361,0.41271125319331514,0.5166666666666667,33.09275396393836,32.72715690351839,1.0111710608256552,3
001450,24H2,14.341463414634147,0.6577472080549484,1.890702616252037,-0.4602536384311895,-0.7210041350629115,0.9411764705882353,1.507568757511442,3.0647251450409425,1.1398700380761413,0.6785714285714287,28.923623859537773,30.49327572525364,0.9485246557352995,3
001450,25H1,19.220338983050848,0.6224285367972305,1.4140894626586578,0.14313193496085083,-0.02985296314968116,0.9281045751633987,1.405888168506559,2.820055259478705,0.5428242155886457,0.5333333333333333,34.51855952027566,31.332748464659627,1.1016767188237357,3
001450,25H2,24.387096774193548,0.604766148535095,1.9158492615814846,0.4601983427688768,0.2584116901516676,0.0,0.8595983680883518,2.7024791560527546,0.4404945890094062,0.6643356643356644,33.020942620963986,33.910281865649324,0.9737737584072922,3
001450,26,20.57142857142857,0.5933483805692156,1.5710795069532342,0.4442557163176664,0.27522861138049437,0.22169811320754718,0.8644168398071053,2.970414465569701,0.3681803239465226,0.7272727272727274,58.257937581591726,57.022876976737415,1.021659037045047,3
001720,23,17.883870967741935,0.7071596676914819,3.2103851562981256,0.46521019371207023,0.1139442593492179,0.9405405405405406,1.6571646009434398,2.920224721045846,0.6248221584733841,0.41913548377194887,14.030465351395621,13.412064715374594,1.0461077879613971,1
001720,24H1,20.826446280991735,0.6131085726917594,1.2177365559505149,0.6548315923491663,0.1607732205877518,0.2,0.9604703950905313,2.928523523860541,0.5704378335446504,0.5878787878787878,24.55375555009325,24.164810962177533,1.0160954947474858,3
001720,24H2,18.439024390243905,0.6288431332970947,1.6704091505168865,0.31864437520946776,-0.7576857016975164,0.20666666666666667,0.8547393593376894,2.83972802507741,0.7908227193578353,0.7166666666666667,26.060454567250634,28.334502207394785,0.9197428060144051,3
001720,25H1,19.220338983050848,0.9906520190800373,1.9388508876318467,0.9461981180416777,0.43954442176102687,0.8014184397163121,1.948793819528233,2.793208009442517,0.48110919322964424,0.9500000000000001,35.639754779651014,29.702474144385388,1.1998917870075123,1
001720,25H2,20.322580645161292,0.5502416586541671,1.3683148699346084,0.49288244191954866,0.08112554481236853,0.06153846153846154,0.7693398046067628,2.6946271807700692,0.495290702969494,0.7575757575757575,53.199434003993616,62.36049524395907,0.853095117283359,3
001720,26,27.428571428571427,0.6559971380875996,2.865202476621597,0.23819919209616555,-0.16345307248957186,0.21359223300970873,0.841951428787023,2.6784497313259195,0.6756042815353741,0.5617647058823529,70.35797745556638,76.88883027376345,0.9150610980171776,2
002380,23,19.509677419354837,0.6421720673167679,1.8442029115801721,0.16751749626825926,-0.36422214957411536,0.5439560439560439,1.1620039685555406,2.5964977151964628,0.5698182696918896,0.7692307692307694,34.97364890974764,36.64240689766114,0.9544582867448039,3
002380,24H1,16.661157024793386,0.6373515054086879,1.1262872003793631,0.6187555202196463,0.21256144198367288,0.26506024096385544,1.3721436773015043,3.056356895370426,0.32481790784613207,0.7857142857142858,44.667692568838106,44.19052326331975,1.0107980007992898,3
002380,24H2,18.439024390243905,0.4590252029955845,1.1385159871819126,-0.26809703478756547,-0.2816397579958182,0.7950310559006211,1.0001032973334771,2.9444389791664403,0.5711193266897554,0.6,44.038018399244216,48.8101557352674,0.9022306472057594,3
002380,25H1,19.220338983050848,0.605936543299734,0.7848643908464167,0.7935882279669976,0.5634693572514126,0.9425287356321839,0.9977011887169202,2.984558972955866,0.5204291344936351,0.7833333333333333,36.13246529129641,36.938751653080686,0.9781723440641225,3
002380,25H2,18.290322580645164,0.4297685007065694,0.6567563736765277,0.47596799444208804,0.221107581829111,0.0,0.6400162368875113,2.820055259478705,0.34853254555328805,0.8333333333333333,42.9366040236895,44.83824639920336,0.9575888325653241,3
002380,26,24.0,0.4561027810898655,0.716511572557024,0.28322316159221284,-0.05026183478088819,0.2222222222222222,1.0950373790178785,2.654247495109234,0.6263212923644247,0.5780219780219781,72.69558172553754,72.3589428261987,1.0046523468446384,2
003230,23,17.883870967741935,1.0862218952350202,3.0856108735250833,1.0598151688714443,0.24901293129262694,0.44047619047619047,0.6598811208417271,2.7950615780918397,0.3877284272958759,0.6272727272727273,52.3138209914413,62.976662742466935,0.8306858241340981,2
003230,24H1,14.578512396694215,1.8061301268264007,2.62217363866402,1.7454642740403503,0.5420406431139152,1.0,5.414555818085716,2.959364629383116,1.1160056803417706,0.8928571428571429,46.735498153002716,46.638741280293466,1.0020746030028502,1
003230,24H2,22.53658536585366,0.260738340475148,-0.03756230633648259,-0.030275783511262533,-0.29641575242053547,0.11538461538461539,0.9123121709436565,2.6060510331470885,0.47428348306187257,0.5818181818181819,60.174053490011545,63.53699280387644,0.9470711601941016,3
003230,25H1,21.35593220338983,0.8508596875354216,1.240630080742124,1.115494167457756,0.49844156456626904,0.0,1.4534553977239462,2.8449093838194073,0.5334212114368612,0.8787878787878788,53.070569023388245,55.33261232185639,0.9591191667346124,2
003230,25H2,26.41935483870968,0.4216181576638541,1.171883986960629,0.3356205613707575,0.25131442828090617,0.0,0.9718628817268293,2.445685936634719,0.47812906982049047,0.8516483516483516,42.4908637048439,43.77647461764573,0.9706323790567728,3
003230,26,24.0,0.3647016345681833,0.3053749609138306,0.09934098254147687,-0.18081892690941961,0.36363636363636365,1.1572003906364676,2.8581108956779433,0.4949667069759497,0.4153846153846154,63.50240699835909,60.32045178552807,1.0527508518030435,3
003490,23,9.754838709677419,0.5392355670188956,1.0804584589437114,-0.19613109165437392,-0.5849335959197125,1.0,2.0317645594191402,2.899588413001089,0.9187330213111081,0.942857142857143,25.33191969875635,24.966385192027648,1.0146410665347512,1
003490,24H1,24.99173553719008,0.6245594580651587,2.351957236830331,0.3070835335660737,0.3042113744029914,0.0,0.9369549001664129,2.8716796248840124,0.7230044008192481,0.8041958041958043,21.04159614996177,23.44191285557134,0.8976057662018355,3
003490,24H2,22.53658536585366,0.3988783166492059,0.1882624670961522,0.21960745920988323,0.14743172957851342,0.2235294117647059,1.0081779242816682,2.632542648594065,0.5880101239334048,0.8636363636363636,27.167793623197145,26.570448080468147,1.0224815758063224,3
003490,25H1,25.627118644067796,0.4710544094205397,1.2694432216098182,0.04257845114540548,-0.1933713929805395,0.5123456790123457,0.9669198076160864,2.627081138568543,0.5319593716040586,0.6853146853146854,27.354754762282454,30.370704039248928,0.9006954441007071,3
003490,25H2,20.322580645161292,0.505227669448403,0.27347341454609775,0.0011838936463491902,-0.26469255422708216,0.11602209944751381,0.6962841886750172,2.7212954278522306,0.6437066599634153,0.8787878787878788,23.211932105956286,26.977282425242358,0.8604251436474242,3
003490,26,34.285714285714285,0.4568985863437456,1.2399982224143107,0.29198461697643324,0.04124295853404922,0.21844660194174756,1.191547915891317,2.272125885509337,0.4463735195563566,0.7714285714285714,54.704042658889385,55.178034278751966,0.9914097769871968,3
003550,23,16.258064516129032,0.2911965704469029,0.5711357191899207,0.010499119752297708,0.0,0.7976190476190477,1.1407378963009507,2.8903717578961645,0.31207962122875404,0.4666666666666666,25.04936214618535,26.008944422471192,0.9631056816186364,3
003550,24H1,16.661157024793386,0.822757372769163,1.5324474199840912,0.1331685346007199,0.05406722127027579,0.18421052631578946,0.38256283002625074,2.917770732084279,0.6039972592131636,0.9761904761904763,34.0113276234182,36.88379158959204,0.9221212396454272,3
003550,24H2,28.682926829268293,0.4446474906706736,0.4870621751665961,-0.053286877376757774,-0.1397619423751586,0.6982248520710059,0.9717309651047331,2.5084371471981943,0.4846308697539386,0.7098901098901099,26.917397087584927,29.233837612738384,0.9207616681792031,3
003550,25H1,25.627118644067796,0.6339217141396163,0.7961311950112636,0.28851172123849805,0.025642430613337652,1.0,1.272269564580583,2.5649493574615367,0.5585657495864575,0.8391608391608393,25.329465974104895,25.901423108236934,0.9779179262953258,3
003550,25H2,20.322580645161292,0.3756790614751927,1.0050952450094288,0.1243164753846043,-0.3342020880866739,0.7662337662337663,1.0669444402553332,2.714694743820879,0.5366100386336135,0.8060606060606059,30.001695018658193,35.22138062356311,0.8518034922965813,3
003550,26,24.0,0.8487862055265561,1.2996205644036594,0.499590255926359,-0.1706255170307632,0.6869158878504673,1.4783621061709142,2.597384633214691,0.8524334315138321,0.8461538461538461,59.31918157878112,52.95386931622197,1.120204856505343,2
003670,23,14.632258064516128,0.606349501816088,1.0876361609748797,0.3408684601556902,-0.5406211964596891,0.1619718309859155,0.9330705785026998,2.662587827025453,0.5043081033070103,0.6666666666666667,56.357119527581354,70.3102765718461,0.801548824374104,3
003670,24H1,22.90909090909091,0.5465544017773871,0.44119738197570585,0.10167388257316388,-0.12766314425609065,0.0,0.6960684881760363,2.8115908800430502,0.673263074590664,0.9636363636363637,49.76099452231668,50.48772104707317,0.9856058758509041,3
003670,24H2,24.585365853658537,0.42716957890362744,0.5125645957285405,-0.24946659199887739,-0.28425153735499187,0.8490566037735849,1.0043193395251366,2.6508917872622613,0.4699996318926631,0.6923076923076924,55.91739203316691,55.19760498580624,1.0130401862099951,3
003670,25H1,23.491525423728813,0.3433385740687852,0.17534053233659677,0.07724738229165559,-0.2027346796830028,0.9631901840490797,1.1562458028676585,2.6958549280083917,0.4702845160795857,0.8272727272727273,57.37638900369845,57.14807984537468,1.0039950451343511,3
003670,25H2,14.225806451612904,0.7721370619978476,2.381839296740596,0.7548964221295295,0.18677590714333486,0.65,0.722390565595946,3.0376964726530233,0.39286658629315024,0.9642857142857145,58.00164314405902,58.81047392603318,0.9862468242818202,2
003670,26,27.428571428571427,0.5044197090878169,1.6320672369809863,0.08591573542155455,-0.060624621816434854,0.5748792270531401,0.9927976972638154,2.515678308454754,0.6286259307625852,0.22058823529411767,72.29760234336811,71.479639147804,1.0114433033702472,2
004020,23,19.509677419354837,0.7147419088062728,1.1792494701484093,0.19859570008633468,0.13633644355213118,0.6968085106382979,1.118463287211506,2.7673667782586295,0.5525798590468488,0.5034965034965035,31.57482876017666,32.05314006183198,0.9850775524415818,3
004020,24H1,20.826446280991735,0.4875338822265808,0.3241777167982569,-0.2887303035518589,-0.6325225587435105,0.6235294117647059,0.6793493559310946,2.6878474937846906,0.8188735774587298,0.2727272727272727,24.353239265785263,29.178381556945787,0.8346329702439607,3
004020,24H2,18.439024390243905,0.6863229616713713,1.3582676175240984,-0.4671607735762686,-0.5221251790199242,0.9411764705882353,1.873888149734397,2.846200539583027,0.6832011326989468,0.5,36.26666512333457,31.462906179321248,1.152680077187865,1
004020,25H1,19.220338983050848,0.7059699545313762,1.0670034848837382,0.7766729151221636,0.19611487892629037,0.35502958579881655,0.8347686830939361,2.7999876964278956,0.46819497820747696,0.8666666666666667,45.62476135850735,47.85612549117651,0.9533734896052006,3
004020,25H2,20.322580645161292,0.437928653302273,0.5442101017607578,0.16391315909185,-0.2876820724517809,0.0,0.6575894644962771,2.6878474937846906,0.36710890639133936,0.5757575757575757,38.81111370992548,44.278903090139636,0.8765147960173438,3
004020,26,32.57142857142857,0.5914848525746904,1.9953293868906918,0.12988690259689456,-0.04366694665248641,0.25806451612903225,0.8653535854797476,2.4805110383149622,0.6096508860618922,0.5070175438596491,66.4768593684794,74.10255676813573,0.8970926546634974,2
004170,23,13.006451612903225,0.47080400852829457,1.517215186829473,-0.07256235101662772,0.11778303565638346,0.6918604651162791,0.7179384769374182,3.056356895370426,0.4636462762718379,0.8333333333333335,26.746006998065415,30.83904435437747,0.8672774256790137,3
004170,24H1,12.49586776859504,0.29615815511386345,1.735266959256718,0.12004644098453382,-0.23841102344499823,0.2457627118644068,0.867838616358119,2.9789251552376097,0.3321342024112784,0.942857142857143,24.6026046952542,25.11287421730783,0.9796809589520442,3
004170,24H2,22.53658536585366,0.4158156134491459,0.5436690644880082,-0.3909384662980936,0.011696039763191236,0.9144736842105263,1.0784294363063163,2.8385466900315786,0.7720099228375956,0.46363636363636374,27.455510174364495,26.9114116899497,1.0202181323924375,3
004170,25H1,17.084745762711865,0.38462608203380905,-0.142941668381385,0.36023944202759395,-0.08408311721054144,0.8352941176470589,1.1631783330021355,2.6996819514316934,0.6793742161817726,-0.04761904761904763,34.80776683128923,33.185913149825694,1.0488717509185688,3
004170,25H2,18.290322580645164,0.5662352409395605,0.5081545683790201,0.7711650401068839,0.35313928910642467,0.0,1.1537949218801535,3.044522437723423,0.8705954904182011,0.8166666666666667,31.99710020024015,34.007186012235366,0.9408923216618978,3
004170,26,18.857142857142858,0.7819436625979438,1.4850491986101482,0.8566986285919443,0.23414662465854078,0.6619718309859155,0.8678161956716959,2.864794916106515,0.8105952252415553,0.6727272727272727,84.93792265059582,76.34539335436332,1.1125481043283068,2
004800,23,9.754838709677419,0.45069125151509065,0.3926519418434277,0.22406175845682602,0.34550164334060723,1.0,1.7643156811678375,3.2321210516182215,0.23640310191027059,0.7142857142857143,25.100636381230736,25.42427072967825,0.9872706536250918,3
004800,24H1,18.74380165289256,0.48072018766237534,0.9859957997803217,0.03067579071630707,-0.580669197133255,0.8079470198675497,1.7631313006430194,2.826655943510057,0.5990546135832705,0.7333333333333334,30.666574281905373,33.44792326682665,0.9168453908862021,3
004800,24H2,14.341463414634147,0.48247646479324957,0.5089569856168359,0.3580706647155571,0.562307579601134,0.0,1.0704472550775814,3.230239583518516,1.0159337889875841,0.7500000000000002,36.58722759713219,35.14718960543493,1.0409716397772693,3
004800,25H1,19.220338983050848,1.1067740336172083,2.698093812412606,0.7881155822568023,0.684961595973506,0.9658119658119658,2.3055496112260445,2.58189891577531,0.8161217171212762,0.65,29.405848052593548,35.83004416953844,0.8207036506416998,1
004800,25H2,30.483870967741936,0.719574542863975,2.411612257586026,0.7293835759306769,0.4634719273825204,0.7592592592592593,1.5490249653334414,2.4218485138208634,0.5340918626537758,0.5678571428571427,49.72485389424149,48.03022399919916,1.035282573220366,2
004800,26,27.428571428571427,0.8443977951400264,3.1150434287739714,0.44394576873722724,-0.018868484304382805,0.5952380952380952,0.8373911195526229,2.583997552432231,0.6383198546635686,0.6970588235294117,76.7672353520801,76.35267498853835,1.0054295460323295,2
004990,23,16.258064516129032,0.501560162387527,1.4922049514989733,0.0939210278865384,0.04652001563489291,0.8145695364238411,1.071143732544004,2.8449093838194073,0.512595983352298,0.6484848484848483,22.18563988136901,23.056302795648723,0.9622375312296806,3
004990,24H1,14.578512396694215,0.5697948425921225,1.5742262238955373,0.20755795871040147,-0.839917753089581,0.13548387096774195,0.7285770097793337,2.9885637840753785,0.7584271705494344,0.7500000000000002,26.184464167003863,32.586448142103016,0.8035384541702313,3
004990,24H2,22.53658536585366,0.7246946127329298,1.5805014390980485,-0.06363410315469477,-0.566046678265713,1.0,1.6550371161303148,2.632542648594065,0.7917997857821529,0.4727272727272727,22.853198749717375,22.571135343262693,1.012496642378199,3
004990,25H1,19.220338983050848,0.9333754649298189,2.7151268512079394,0.6313185158532592,0.247535004438369,0.8959537572254336,2.210468723849302,2.902641850487979,0.5909131209224304,0.9,31.11594923472083,31.43775870931863,0.9897635999571939,1
004990,25H2,22.35483870967742,0.4701328768036034,0.2092295293885974,0.0695570158567555,-0.20732285899937186,0.06285714285714286,1.010605832432113,2.6772785424354564,0.5876927875174239,0.9181818181818183,40.29020356347972,45.53787986169651,0.8847623931075722,3
004990,26,20.57142857142857,0.6541605426492889,2.560094384033817,0.0490314314002891,-0.2006706954621511,0.2087378640776699,0.6656916006568445,2.8134107167600364,0.4064032927568825,0.7762237762237763,48.56287543825202,49.10268429302137,0.9890065306501774,3
005290,23,16.524590163934427,0.598981726225693,0.8276079858877735,0.4694784736744353,-0.028710105882431367,0.973568281938326,1.222600393358143,2.8574276021768106,0.5857678829781009,0.7552447552447553,42.99862464836262,45.40959002756735,0.9469062509099714,3
005290,24H1,22.90909090909091,0.4157364295200776,0.6106529120460458,0.31875097468558095,-0.3522205935893521,0.5983606557377049,1.0170711663334229,2.372789351667294,0.6226824310510716,0.6727272727272727,46.02464756584469,46.08552516818612,0.9986790298663352,3
005290,24H2,24.585365853658537,0.4069759263809159,0.4522307744000269,-0.6790693286596797,-0.6776429940239799,0.18857142857142858,1.006473014276565,2.7777835391168852,0.5481374642243831,0.6223776223776225,44.095654752428075,43.97779778082273,1.0026799198130092,3
005290,25H1,23.491525423728813,0.5555087597138284,1.5748601351024218,0.6147912319986986,0.08294908298075093,0.3618421052631579,0.7526203891604857,2.5508646175797978,0.3672772944733477,0.7818181818181819,50.4887501753995,62.175111209728755,0.812041171990688,3
005290,25H2,20.322580645161292,0.7842796438391426,2.155075790605124,0.5387634342207532,-0.294799540220645,0.5977011494252874,1.096282214282225,2.797281334830153,0.5714238501074985,0.7818181818181817,46.92366798652403,44.178972834027604,1.0621267308048956,2
005290,26,25.71428571428571,0.5677687195760357,1.0612644778355749,0.2856441284197363,-0.09270939810426745,0.0,1.4198795990824944,2.570064458128307,0.6636996783524606,0.6178571428571428,83.58183010290172,81.23527469177154,1.0288859171096996,2
005380,23,13.77049180327869,0.4691793973019218,0.04341701044687078,-0.05135242247442573,-0.12456272264176212,0.8309178743961353,0.9256651193273092,3.039749158970765,0.6566054739576701,0.6363636363636362,20.55639214718014,21.049566238253433,0.9765708192990198,3
005380,24H1,24.99173553719008,0.7225103934862707,2.4144360683734725,0.6254454877988068,0.1732717212740366,0.3503184713375796,0.9552150300497085,2.6026896854443837,0.3938674428522494,0.3846153846153847,38.25636685267264,37.5001265692616,1.0201663394925957,3
005380,24H2,16.390243902439025,0.28898073464863033,0.5746622092476605,-0.1561094917176653,-0.3272129112084162,0.2331288343558282,0.8992791099996488,2.917770732084279,0.48087714214487304,0.7619047619047621,34.284290606316176,37.59902216878675,0.9118399529756298,3
005380,25H1,27.76271186440678,0.4738379732852719,0.5613011090138414,0.08871223450026586,0.14751763459926237,0.5962732919254659,0.7868052082926728,2.5530444549552183,0.6061919295927359,0.8626373626373626,30.714348110447666,34.89345830861765,0.8802322727312509,3
005380,25H2,22.35483870967742,0.8302213664928583,1.993455053500216,0.7888658482859463,0.300104592450338,0.6906077348066298,1.3763954110656977,2.632542648594065,0.6019107513643293,0.8727272727272729,37.865737922579875,34.53786792165077,1.096354239598066,1
005380,26,15.428571428571427,0.6214697186965228,1.115531031161819,0.4811233726323825,-0.31516245003446175,0.0,0.8577659063174506,2.9618307218783095,0.6808162024700785,0.7333333333333334,78.69830895787592,79.8266199142466,0.9858654799917275,2
005385,23,14.632258064516128,0.29068073240163395,0.16070979587248163,-0.144116522890305,-0.5187937934151675,0.6176470588235294,0.9863392218297523,2.6230569882688175,0.5256184108645265,0.7999999999999999,17.743296929872063,19.13739724131067,0.9271530870232838,3
005385,24H1,24.99173553719008,0.9974934081058153,3.178377782509468,0.8304743310882313,0.371563556432483,0.33962264150943394,0.6423575077223626,2.793208009442517,0.6423047365966563,0.6643356643356644,30.52530021845497,33.93495817700618,0.8995237318176056,2
005385,24H2,26.634146341463417,0.5277846988353648,1.0482974171797599,0.01549813334524498,-0.2035434351568347,0.3684210526315789,0.8076041864523908,2.5226469777708473,0.5642213932694086,0.8131868131868131,29.76287866067703,29.795268308197357,0.99891292646922,3
005385,25H1,25.627118644067796,0.6175641124378388,0.860115698744737,0.19707819997462783,0.251314428280906,0.5823529411764706,1.4162191329970193,2.6855773452501515,0.3369606049470041,0.7832167832167832,20.619644750433586,23.650975486214406,0.8718306254408952,3
005385,25H2,22.35483870967742,0.8207470595033789,2.8232640705386665,0.7130560891086477,0.3474013071534031,0.6686046511627907,0.8216124478371575,2.7379031642518914,0.4998408051068129,0.3454545454545455,21.25713463376981,20.283366482044322,1.0480082116835736,3
005385,26,25.71428571428571,0.47440666735621834,0.8166561383990363,0.123328148481451,-0.05781957088882613,0.07075471698113207,0.9340043695602414,2.512305623976115,0.8018813316449617,0.8107142857142855,60.49981994012161,64.02976174472403,0.9448702961183003,3
005387,23,17.883870967741935,0.3096114651434267,0.019176320752109833,-0.0866497252315876,-0.4761400657781006,0.27205882352941174,1.0356558021712436,2.4619171315633017,0.5657427860308223,0.6000000000000001,19.05502467300527,20.67569972828537,0.9216145002791399,3
005387,24H1,29.15702479338843,1.0095641078402144,3.108905119267297,0.7369335279334555,0.5699145401359971,0.32075471698113206,0.7778124309755404,2.613216098431371,0.7389407596572889,0.8109890109890111,32.203016681113326,38.525178998581325,0.8358953162112288,2
005387,24H2,18.439024390243905,0.4404344387643439,0.5916963125764054,0.1020125030995384,-0.3409265869705932,0.42,0.9081463505559881,2.715430308399833,0.6290633484529058,0.7833333333333333,33.4712076138872,32.87343368898877,1.018184103630728,3
005387,25H1,29.89830508474576,0.5969747310312211,0.7207832631119242,0.05887879781797903,0.1308396009588111,0.5847953216374269,1.0071102377743444,2.654247495109234,0.5301960933755714,0.8109890109890111,22.78570986405797,27.9152822117397,0.8162450120054849,3
005387,25H2,26.41935483870968,0.8693004685680422,2.945168384726228,0.6681003687654271,0.2692200096120456,0.672514619883041,0.9207904216856385,2.5941059417529924,0.5460828693505929,0.4450549450549451,25.10412840117194,23.335301337464408,1.0758004809163408,2
005387,26,22.285714285714285,0.5404015800363429,1.8008344094658075,0.1273087256033352,-0.03509131981127006,0.0,0.8185450193661964,2.655406467616788,0.7387596129768911,0.7637362637362637,60.652768854238545,63.674507641267375,0.9525439787606549,3
005490,23,15.147540983606557,0.9614277001018581,2.5375633090399683,0.5913866555495237,-0.04987183004017298,0.3076923076923077,0.8516390650808671,2.8954095519261216,0.64626319699868,0.5,42.528770889286925,52.61926724305713,0.8082357113191917,3
005490,24H1,18.74380165289256,0.4594689124993812,0.6502761105257707,-0.36466847421800724,-0.39859222882040246,0.14634146341463414,0.7034955740967133,2.8779492378976075,0.427257332441469,0.8666666666666667,32.490241089032665,36.321612120251444,0.8945153915929144,3
005490,24H2,32.78048780487805,0.3673189608138018,0.23528297303127407,-0.26465758165066605,-0.06744128079553253,0.764367816091954,1.060084816379807,2.409194828052304,0.4686529290420321,0.45,35.451670942093116,35.5181033530258,0.9981296182886684,3
005490,25H1,23.491525423728813,0.688181938931095,1.7775370162400521,0.2652428880625878,0.037490608915498685,0.36904761904761907,0.6589723959049317,2.7140925155581725,0.49094722419905673,0.5545454545454546,36.00779208917312,40.046880105274326,0.8991410066031775,3
005490,25H2,18.290322580645164,0.6521301142926808,1.3699393240529343,0.3496592959795693,-0.15942773692810208,0.0,0.5013321866267761,2.8590212280120886,0.5031141609814619,0.7166666666666667,36.94662523131045,36.60424007592185,1.009353702048682,3
005490,26,24.0,0.7878295882589385,2.216257663568182,0.2975602361634968,-0.2513144282809062,0.5748792270531401,0.9175933045348575,2.6984807500860595,0.6786749453042341,0.6703296703296703,58.50881755420117,58.09590991487275,1.0071073443885026,2
005830,23,13.006451612903225,0.7418948449834292,2.5589032758789356,0.385284916297257,-0.09763846956391606,0.4968152866242038,0.8460711938784493,3.0204248861443626,0.6508128811768944,0.9277781834703689,36.35726658368599,37.97482396763086,0.9574044797331082,3
005830,24H1,22.90909090909091,0.5400614446571882,1.711904888346983,0.5002869495399809,-0.08499321283339259,0.27586206896551724,0.9075094857208381,2.5649493574615367,0.5683985600588051,0.7363636363636363,46.84630800860879,46.134285366785726,1.0154336983040313,3
005830,24H2,18.439024390243905,0.4004295311341348,1.7343698388215778,0.08034110438023241,-0.1724998184954549,0.3170731707317073,0.7615258794682969,2.8653704556907473,0.4842702814502601,0.7,44.44702773743147,46.01286517866704,0.9659695731801213,3
005830,25H2,16.258064516129032,1.0772340001311982,2.6415801460483124,0.8628156144842904,0.39688136441677296,0.0,0.5045952127480653,3.188416617383492,0.78760264897881,0.523809523809524,38.33122466572956,37.50890238298412,1.0219233896622495,2
005830,26,24.0,0.9227956817618315,2.994490347958645,0.4756316539832731,0.1361321743245799,0.23943661971830985,0.9140752822367058,2.6888188391743224,0.43510546190622945,0.8681318681318682,59.90781693072179,58.90893363805601,1.0169563974592215,2
005850,23,14.632258064516128,0.4026558205294838,0.4227171771196046,0.057832162484151683,-0.40101075775878403,0.7602339181286549,0.8866443001568046,2.9502698994772336,0.5565019581468773,0.7999999999999999,40.98492696417045,44.681351446988145,0.9172714261518412,3
005850,24H1,20.826446280991735,0.5678180368094543,1.249793031415051,0.6436892442793789,-0.3011050927839216,0.9770114942528736,0.8537268155884187,2.856470206220483,0.7904243346039925,0.8060606060606059,39.01404033183935,39.44380619703622,0.98910435105958,3
005850,24H2,18.439024390243905,0.45292864548759426,1.615886127442361,-0.4956560552885803,-0.4436863209283621,0.22413793103448276,0.9150969485166637,2.9560670171615597,0.4168167170539392,0.43333333333333335,38.69215428222606,43.87102002413463,0.881952465681,3
005850,25H1,21.35593220338983,0.5148647369155742,1.2665918337286348,0.25219236139476037,-0.13005312824819767,0.2958579881656805,0.68945043891189,2.7343675094195836,0.30333936002346057,0.709090909090909,43.011743877682385,54.64856061375343,0.7870608739666896,3
005850,25H2,24.387096774193548,0.7884988942523389,2.701986485757327,0.6810986294616047,0.2910547569304201,1.0,1.7505168759429108,2.6683849447097785,0.5568476532319001,0.7202797202797203,41.60336957666884,40.24164859801506,1.0338385982208727,1
005850,26,24.0,0.49729670734851156,1.2813958420940084,0.40553694058460227,-0.2623642644674911,0.07511737089201878,0.9295954090320188,2.6936614636501104,0.6558206260028252,0.7538461538461538,85.73705105487082,82.74754298860711,1.0361280584086383,2
005930,23,20.655737704918035,0.5176864113886497,0.6925075091452255,0.3895201348966864,0.2580941152662848,0.24,0.9930797042140758,2.634284050862601,0.5634684161072792,0.6499999999999999,20.425880784866823,20.312530207667017,1.005580327809532,3
005930,24H1,29.15702479338843,0.6559516194666387,1.0441293235696827,0.1629050248571274,0.07598590697792185,0.6558441558441559,1.242797045414992,2.423537703411708,0.4603248642926363,0.7274725274725276,24.588510487529298,22.717043630340996,1.0823816200576717,3
005930,24H2,26.634146341463417,0.6382547166264938,1.1543015015141753,-0.3318005007703114,-0.2607604148855166,0.68125,1.021209894877445,2.5649493574615367,0.8854511102477952,0.9285714285714285,32.473476759022,34.46826351267942,0.942126856697506,3
005930,25H1,27.76271186440678,0.4253795735555055,0.5199632076328651,0.29234220486552664,0.07911549388434415,0.509090909090909,0.7159193792576474,2.5102244577722903,0.2822090131149842,0.8296703296703297,28.71100297443102,33.79141206950172,0.8496538385368039,3
005930,25H2,20.322580645161292,1.116150538009936,2.6641186933071643,1.1345327863553647,0.6832948841169337,0.7212121212121212,0.7885451458985449,2.7212954278522306,0.6255191749476164,0.8181818181818182,34.16427971649598,29.488986395996463,1.1585437104455465,2
005930,26,29.142857142857142,0.6995240082746566,1.466764331728736,0.6690873650195581,0.5588348429523514,0.5502645502645502,0.9191007172520755,2.3652836872096095,0.8543484812961604,0.8848039215686275,79.26237631012728,75.1436614847096,1.0548112075461717,2
005935,23,19.509677419354837,0.4957645346241414,0.47636335543928887,0.009465325302743438,-0.14842000511827333,0.3967391304347826,0.834967493613708,2.6026896854443837,0.6814668421791699,0.8181818181818183,18.982537009453946,19.214523772714962,0.9879264890452064,3
005935,24H1,24.99173553719008,0.4667344089238744,0.6470575687650704,0.15209740247742864,-0.16034265007517937,0.6558441558441559,1.2338178945894585,2.5257286443082556,0.3634181163243342,0.6783216783216784,24.437444120902065,22.158282550107575,1.1028582231335173,3
005935,24H2,16.390243902439025,0.34287363802720167,-0.16459269508476476,-0.3561457134199075,-0.43242091809669264,0.5757575757575758,0.9290675863969221,2.9639835752394106,0.45410765840593637,0.6190476190476191,30.016730487753733,32.49143809640794,0.923835085375067,3
005935,25H1,25.627118644067796,0.45544555348820037,0.7050302379189299,0.2666906474304762,0.31691171076671926,0.2848101265822785,0.6502776741986108,2.456735772821304,0.4188507999023635,0.9020979020979022,27.990279284889674,31.599153006250354,0.8857920742164563,3
005935,25H2,20.322580645161292,0.73894226664283,1.1412878686573986,0.9278213185161278,0.6706743247078868,0.8428571428571429,2.0048203621948355,2.5877640352277083,0.445594018343193,0.9515151515151514,29.88802563298442,28.199187925433215,1.059889586608557,1
005935,26,25.71428571428571,0.8597113888978841,2.2074291778404254,0.747751841813424,0.7389567165912395,0.6613756613756614,0.7713534233646727,2.538973871058276,1.1231104696458387,0.914285714285714,81.43355860371145,79.69740469609484,1.0217843217635125,2
005940,23,16.258064516129032,0.5015850662850446,0.6670306590057936,0.329153919484483,0.3566749439387324,0.39759036144578314,1.4891827083293583,2.72785282839839,0.7578756346643031,0.6727272727272726,18.78840554096608,19.40050445672254,0.9684493299067614,3
005940,24H1,14.578512396694215,0.45679189982835433,-0.2964485368238951,0.6862380809533725,0.12292683937572546,0.20408163265306123,1.0332011050379533,3.0376964726530233,0.2882414440068604,0.642857142857143,24.446096143434414,24.901249271715464,0.9817216749523469,3
005940,24H2,20.48780487804878,0.5181215809075319,1.7114867565059815,0.41233591274145065,0.4719857904497268,0.0,0.9384686528135624,2.797281334830153,0.6003337032226863,0.2121212121212121,27.095997444796943,26.605169377474812,1.0184485977276916,3
005940,25H1,21.35593220338983,0.9041866235145254,2.1208657590460933,0.4684076024144218,0.450201001949556,0.950354609929078,1.899029514313636,2.5726122302071057,0.42494400505124147,0.8060606060606059,26.1634497313198,26.17757592907195,0.9994603702882795,1
005940,25H2,14.225806451612904,0.7286256920155778,2.2190075358184354,0.5596344846773523,0.008163310639161056,0.0,0.5656814665035382,3.016934481204594,0.6375280721706921,0.642857142857143,36.562833318641,36.18430710869829,1.0104610600613577,3
005940,26,29.142857142857142,0.6420842864368712,1.7624487640335866,0.4504837377396444,0.0632948503723138,0.24299065420560748,0.9211553077143861,2.7158627408390035,0.6357091342331921,0.6397058823529412,65.97154957346059,65.29417119642511,1.0103742549238846,2
006260,23,16.258064516129032,0.665647221900281,1.7478594258357358,0.11832573149601554,-0.2635845208727204,0.3188405797101449,0.9583576356293525,2.6741486494265287,0.5510052788141097,0.6606060606060605,46.04594842632043,88.41292070727671,0.5208056476131172,3
006260,24H1,22.90909090909091,0.63013262838805,1.8430543839224487,0.8876278997594425,0.5714502455824256,1.0,1.27572926868613,2.6127400212978853,0.6920372501213756,0.6454545454545455,54.41424772312442,48.256917477883206,1.1275947691450288,2
006260,24H2,22.53658536585366,0.3981743287878362,0.3920225364394485,-0.20687436364745593,-0.37729423114146804,0.22077922077922077,0.7598229488906624,2.772588722239781,0.534731240905186,0.790909090909091,51.24958535957854,59.27124396684801,0.8646618820459344,3
006260,25H1,12.813559322033898,0.4344429758214501,1.2254236808863637,0.4392763316212047,0.16705408466316624,0.0,0.9764125580862906,2.772588722239781,0.546294334585304,0.8857142857142858,59.86442215055189,60.39042336690399,0.9912899895873165,3
006260,25H2,16.258064516129032,0.990162880923751,2.552687728931221,0.9352946630864555,0.4428526401797847,0.0,0.8820000458847704,3.107944264160919,0.6790344635446612,0.8333333333333335,45.4513562857018,50.51453703270744,0.8997678481398869,2
006260,26,29.142857142857142,0.7700512018257344,2.668113432453661,0.5313365758265207,0.2716817311053399,0.5990566037735849,1.0503808433601733,2.5043247356451017,0.6393372195105486,0.34558823529411764,97.00610262791686,89.68547787236066,1.0816255310137817,2
006400,23,23.40983606557377,0.4502233619209948,0.1934569534366608,-0.29422174560502473,-0.35530226012676025,0.786046511627907,1.3862511353780809,2.5186447894198505,0.5886610791326936,0.806372549019608,31.348213865080805,30.304456866977176,1.034442359507885,3
006400,24H1,22.90909090909091,0.4253855979582479,0.5103661813642788,-0.08412849928917757,-0.1823215567939546,0.1437125748502994,0.8071796178204329,2.6390573296152584,0.4225771273642583,0.8636363636363636,38.31632309195597,40.691986430547935,0.9416183984370808,3
006400,24H2,24.585365853658537,0.3931950264240016,1.0538939568183785,-0.2594471712359432,-0.41551544396166595,0.7833333333333333,1.0703331480382015,2.627081138568543,0.49782116752031114,0.7832167832167832,44.48266171398402,43.56199656310362,1.021134594911111,3
006400,25H1,14.94915254237288,0.25810779621466545,-0.5282909368924315,-0.3122911140750812,-0.5342979799511328,0.38235294117647056,0.9156563203944563,2.929287174145838,0.4845775231573814,0.8571428571428573,41.77567885761236,44.34075658174167,0.9421507903366372,3
006400,25H2,22.35483870967742,0.9290331920868397,2.9671769746816397,0.8389325571203562,0.7133498878774648,0.7577639751552795,1.2907689074724868,2.732003442124703,0.7137674371553632,0.8545454545454546,42.12063856806944,42.65664581208404,0.987434379009173,2
006400,26,20.57142857142857,0.7394616284485227,2.3743650871873654,0.6006527501867195,0.17435338714477774,0.5748792270531401,0.8481655375039056,2.7300291078209855,0.8852343196312675,0.6363636363636365,76.89506665283872,73.58260991143962,1.0450168422319597,2
006800,23,17.901639344262296,0.6711127198888269,2.2164612479491304,0.294181934262824,-0.009852296443011707,0.9295774647887324,1.8016963643835093,2.828678188890825,0.46992540876947964,0.7362637362637362,25.860911384256287,26.042453530467903,0.9930289922184473,1
006800,24H1,16.661157024793386,0.5961427122210446,2.3598629871667574,0.18185366449570078,-0.22054276961415234,0.3559322033898305,0.8417159519076197,3.073850052817943,0.28499262091203453,0.4047619047619048,34.62630517002573,34.47467691450217,1.004398250225799,3
006800,24H2,30.731707317073173,0.6658198098582069,2.6885488386592753,0.3248378395080984,0.6074718091130579,0.4315068493150685,0.9238394927025148,2.354544831924757,0.8655594282385096,0.48214285714285704,31.4656965053572,34.47578473227319,0.9126897835599312,2
006800,25H1,14.94915254237288,0.5253530606303857,0.5614299614142494,0.2852981108408365,0.14004607364571625,0.8266666666666667,1.7294788091919733,2.6079667425452273,0.5544414806758222,0.7500000000000002,32.35549685859681,35.27250189424328,0.9173008752145664,3
006800,25H2,20.322580645161292,1.3605164490915984,3.0731678493969192,1.146975774656727,0.2787134024690205,0.0,0.7362467462370135,2.970414465569701,0.8241550216702682,0.9636363636363635,59.143272668474864,64.35475725875463,0.9190194352015707,2
006800,26,15.428571428571427,1.4638380965950633,2.793650676504704,0.9204290120190062,-0.26396554583446485,0.0,0.783585374281811,3.0808900818942977,0.9254509971386687,0.5666666666666667,90.46112277453742,91.20806756951308,0.991810540285744,2
007660,23,17.901639344262296,1.5243262898347836,3.374918716751819,1.0904441429843936,0.06237763236823231,0.2599118942731278,0.677436112913197,2.75317063638268,0.5796244757357752,0.8406593406593407,83.38284969979638,92.57655174480982,0.9006908134755746,2
007660,24H1,27.074380165289256,0.5434624392336975,1.1612256378660863,0.7630514551046077,-0.010929070532190206,0.81875,0.9975604875878519,2.570849079588725,0.44421178070041484,0.6648351648351648,68.44320951884477,71.1778990197236,0.9615795136054657,2
007660,24H2,20.48780487804878,0.454060637854882,0.643462859357361,-0.2175033290869635,-0.41091471287572895,0.9290322580645162,1.2043902227404688,2.72785282839839,0.5390120871755737,0.7212121212121211,77.51196322990907,79.27089479123934,0.9778111302267695,3
007660,25H1,25.627118644067796,0.6275031590733557,1.029946469458277,0.7357750073685765,0.4585749334221129,0.12162162162162163,1.2751551963865717,2.4709204078132605,0.5841868521214393,0.6433566433566434,75.00172463641807,89.02936051019874,0.8424380924069006,2
007660,25H2,14.225806451612904,0.6532514250616318,0.31033926103578613,1.5313381748101094,1.3300546427970146,0.0,1.1597720087459666,3.030823593365261,0.7456572645945109,0.8571428571428573,64.44384537807422,62.07220040893116,1.0382078443090252,2
007660,26,30.857142857142854,0.5406408622358045,1.553863760708416,0.1173001696232891,-0.16623541904233022,0.5073170731707317,1.5746901989384432,2.4326382212422435,0.582539806569374,0.5500515995872033,91.76667940064772,90.1133705734182,1.0183469868756325,2
007810,23,19.509677419354837,0.4741476719578733,0.3291672033478175,0.15285872793630825,-0.2911970145592254,0.15517241379310345,1.037600192051383,2.627081138568543,0.6148120878155697,0.34965034965034975,47.56046445429272,50.312090004159906,0.9453088601638359,3
007810,24H1,20.826446280991735,0.5383166295757364,1.1113515654349346,0.09648468305907532,-0.6673946844575306,0.0,0.5558503363971908,2.856470206220483,0.7904243346039925,0.8666666666666665,46.836265692318044,62.51842788965799,0.7491593642594755,3
007810,24H2,12.292682926829269,0.4029433103841346,0.8050460235730271,-0.5312783374684011,-1.0668635903535295,0.18421052631578946,1.5031581863952557,3.036554268074246,0.8198965788439418,0.3142857142857143,48.12679972542641,55.851422993302144,0.8616933489984294,3
007810,25H1,21.35593220338983,0.6166097023845604,1.514660541342928,0.4873379451473105,0.3090048419206023,0.2827586206896552,0.8958916080756882,2.617395832834079,0.4228959643682131,0.7939393939393938,65.56271570339335,66.10641713401091,0.9917753607866031,2
007810,25H2,28.451612903225808,1.3572017508080765,2.9295438503323776,1.36445420673777,1.031171007872577,0.9731543624161074,3.0785214349689403,2.5257286443082556,1.0607399449295907,0.7978021978021977,63.72672713116684,49.37252053343488,1.2907327080457913,1
007810,26,18.857142857142858,0.6091718979118466,0.5790140497249273,0.6587035534719293,0.394993808240869,0.0,1.1772666884600975,2.783888277493715,0.6427074329256167,0.7090909090909092,113.78602242937154,109.83817137640924,1.035942432430282,2
009150,23,15.147540983606557,0.27603720267373044,0.709102772842241,-0.010811076178880963,-0.12306009275722725,1.0,1.1295694148736262,2.70805020110221,0.35150470203904177,0.0,26.861840679299064,32.41891984339691,0.8285853078713938,3
009150,24H1,29.15702479338843,0.6666361472481561,2.1341377440407165,0.4112160934243201,0.2702903297399117,0.0,0.7161860701121118,2.6642475784438173,0.7519644862746724,0.7362637362637363,29.75727697351343,29.168885478025885,1.0201718881556447,3
009150,24H2,22.53658536585366,0.5015471066965719,0.6036678007708841,-0.22362355648950394,-0.506982632486823,0.7471910112359551,0.99291624169217,2.7611600264161584,0.615409641045257,0.7454545454545456,34.19883262885991,34.813889104824575,0.9823330144439557,3
009150,25H1,23.491525423728813,0.5838152358109863,1.370053589521766,0.1446404355241926,0.1823215567939546,0.6666666666666666,0.8136177028514499,2.5147596129376812,0.5195049380158357,0.7272727272727273,35.29546026802665,38.13673401278122,0.9254977171405833,3
009150,25H2,28.451612903225808,0.6698659914970285,1.0174519870667034,1.0174088673009576,0.5426662296216496,0.4514285714285714,1.329683194555792,2.581298495463066,0.6018868647374468,0.9340659340659341,43.529440052310704,37.33990949934736,1.1657617984604791,2
009150,26,22.285714285714285,1.7878883601569202,3.4096331186996505,1.4005839303883563,0.3122231813678985,0.6598984771573604,0.8516744938330559,2.622436448379218,0.7577438852245704,0.6978021978021978,98.22641505479375,89.25578531481801,1.1005047427271524,2
009420,23,21.13548387096774,0.6937302627391153,1.7826586713248338,0.6870637890428091,-0.04074965917355647,0.5769230769230769,1.108370323260789,2.5998366164619773,0.6466238852529281,0.8351648351648352,55.71354714589578,83.80687337334167,0.664784938315308,3
009420,24H1,18.74380165289256,0.6221333211579532,0.5907988216903094,0.16298083664641716,0.1352540459359689,0.6013513513513513,0.4905596108522662,2.751535313041949,0.7284709921604251,0.9666666666666667,60.16609264156586,60.05752110689711,1.0018077924740767,3
009420,24H2,22.53658536585366,0.47559111824042377,0.9967426034321626,0.2981533295570791,0.08813434173425344,0.6511627906976745,0.8961077320414779,2.7379031642518914,0.5462676125291247,0.7363636363636363,59.63167107627155,58.95930649270045,1.0114038753772374,3
009420,25H1,14.94915254237288,0.6416418741676305,1.429462231462618,-0.2157327277112747,-0.6425034477411904,0.5584415584415584,0.5579126832026815,2.929287174145838,0.635791257172362,0.642857142857143,52.32644026444878,56.12220654947195,0.9323660540382142,3
009420,25H2,20.322580645161292,0.6089330611647711,0.840682703707423,0.9919338022073342,0.756326082181477,0.8397435897435898,1.6203812872784449,2.667228206581955,0.6255998493188469,0.9636363636363635,58.00785473257976,52.69407180635183,1.1008421392401753,1
009420,26,27.428571428571427,0.5652044445060705,1.6410837219103789,0.3541107537708857,-0.07847161544149521,0.6774193548387096,1.3158247003050287,2.545531271604435,0.5652140052369604,0.4911764705882353,87.83410238257227,82.06638393750363,1.0702811330088695,2
009540,23,16.258064516129032,0.5004633810518085,0.575567233572781,0.30444291613864116,-0.294799540220645,0.7559523809523809,1.0677278742054248,2.797281334830153,0.6574818412733572,0.5272727272727272,34.14251568830985,34.62330322063237,0.9861137590119935,3
009540,24H1,16.661157024793386,0.3215036237469622,0.3112574840186672,0.4574769391692752,0.16164135155641599,0.9788732394366197,1.0257591541605302,2.740840023925201,0.33788576552669786,0.7142857142857144,34.833496576802695,36.385422633895836,0.9573475874470838,3
009540,24H2,20.48780487804878,0.7931153377596559,2.7065335912056123,0.6662025982259663,0.6664789334777839,0.0,0.8334350674873775,2.8213788864092133,0.7970166721667534,0.5393939393939393,47.21808002476782,47.49970831366871,0.9940709469826398,2
009540,25H1,14.94915254237288,1.0547868296010725,2.360965925519362,0.9531625241667789,0.5154660033224928,1.0,3.513054015706882,2.9885637840753785,0.8241309958252615,1.0,48.539992937032096,49.890282786988976,0.9729348126623762,1
009540,25H2,16.258064516129032,0.3795062915199657,-0.3689753621210181,0.3943714894261876,0.17733401528291545,0.2222222222222222,0.8286745202831137,2.9109910450989003,0.3803271281504363,0.880952380952381,46.974238896644124,46.81835772648678,1.0033294882120385,3
009540,26,27.428571428571427,0.3459577337812807,1.7546000837528872,0.13135701043196668,-0.3235479856402776,0.596244131455399,1.0060483322453777,2.583997552432231,0.5445829110898956,0.5529411764705882,62.69262176844441,59.48102262019403,1.053993677424773,3
009830,23,17.883870967741935,0.4169627542230435,0.9025013845631061,-0.18261998009279395,-0.8201468713212529,0.5833333333333334,0.8794631004890788,2.6060510331470885,0.6647277481383514,0.8545454545454546,40.75415544732331,40.39546284441162,1.0088795269977038,3
009830,24H1,31.2396694214876,0.5480697661523748,1.4507009657776968,0.13366021098647007,-0.23116986218843866,0.8466257668711656,1.2128719999826278,2.3918162267219882,0.7663822273284518,0.782142857142857,44.56311808171835,48.81279791380779,0.9129392287737039,3
009830,24H2,24.585365853658537,0.483338379923492,0.6087405185629216,-0.46745439133560585,-1.0369187196627698,0.9361702127659575,1.4010129341848723,2.519039656157459,0.8216475673988128,0.8461538461538463,49.71778426470886,52.78342282461047,0.9419204288799505,3
009830,25H1,25.627118644067796,1.0345195296046175,2.649295036445221,0.9837833769929277,0.22314355131420993,0.8424242424242424,2.228413975724696,2.4849066497880004,0.5795330757244024,0.8601398601398602,63.72968671150274,60.16989544041055,1.0591623310134823,1
009830,25H2,28.451612903225808,0.5224367184680497,0.9232023886382862,-0.14436818946529523,-0.3033809819948847,0.375,0.7834683341985115,2.586689344097943,0.5995601851890124,0.8593406593406594,46.48309668652954,50.33160337563695,0.9235369741674019,3
009830,26,27.428571428571427,0.8574383029720704,2.5905732562100563,0.4977566801519843,-0.3629054936893685,0.18840579710144928,0.9869193394637034,2.5004108363239657,0.6264755538315463,0.8647058823529412,95.87930093907501,93.28754088342936,1.0277824887557523,2
010060,23,14.632258064516128,0.43091815437945774,1.7714896875949608,0.33042393610097787,-0.5730388082675633,0.0,0.7496430174290979,2.990161228504536,0.9176647254974628,0.5499999999999999,48.677178556849455,47.28720898899403,1.0293941976609136,3
010060,24H1,16.661157024793386,0.3453115286474758,-0.08436997255978218,-0.058304526806352446,0.04512043528046964,0.22758620689655173,1.0003671990625351,2.810907586541918,0.48753884758897453,0.7857142857142858,36.9793878449941,43.341694752173595,0.8532058576952526,3
010060,24H2,32.78048780487805,0.3985836155576386,0.15910528092392348,-0.4028406622929042,-0.4994940577564408,0.7965116279069767,1.0664271439078932,2.463853240590168,0.6045948501686566,0.7558823529411764,34.18542052872829,34.995715973492594,0.9768458674948082,3
010060,25H1,25.627118644067796,0.5717358327675072,1.2324249904855282,0.4609692423437313,-0.15860503017663866,0.12121212121212122,0.994824754930881,2.4495672833426916,0.598637239214812,0.7622377622377624,53.49505530780135,52.222055714339895,1.0243766656836508,3
010060,25H2,24.387096774193548,0.5349754898896419,1.9626224055183346,0.5846575398953561,0.20763936477824455,0.6923076923076923,1.0392984430796643,2.6741486494265287,0.4493596736599203,0.8601398601398602,56.93580986507983,56.42832407534638,1.0089934584811668,2
010060,26,34.285714285714285,0.6536177073363328,1.8296338774189365,0.6498308924952717,0.01941808585710173,0.5410628019323671,1.173930400574621,2.33214389523559,0.4694347680916597,0.7684210526315788,110.2116513196536,109.71947999593476,1.0044857241734746,2
010120,23,13.77049180327869,0.9870660816941288,2.5785455605495913,0.49421070836259995,0.06669137449867235,0.3197969543147208,0.8333879602651691,2.8903717578961645,0.6993039847592298,0.6242424242424242,46.71626064467847,63.74325783649263,0.7328815976822209,2
010120,24H1,18.74380165289256,2.109054180449674,2.9861555662774397,1.8371767805938177,0.651811556502038,0.8994082840236687,3.7335401715498473,2.995732273553991,0.8656644846590392,0.43333333333333335,60.96504697031588,46.622973846608026,1.3076181534642988,1
010120,24H2,20.48780487804878,0.5200782354482612,1.393881021281687,0.0832338379921631,-0.09662683568907164,0.4444444444444444,0.7155860052511658,2.6741486494265287,0.6306145620388599,0.6606060606060605,61.27114033320136,75.50285047675395,0.8115076443645755,3
010120,25H1,19.220338983050848,0.8906459259795511,1.7429662781159303,0.8371464606683351,0.44802472252696035,1.0,3.162656471565474,2.715430308399833,1.1454669383794607,0.9166666666666666,63.185196987086606,65.39925423895741,0.9661455275349008,1
010120,25H2,22.35483870967742,0.8218902163416679,2.9772503717030605,0.7989285463939998,0.5007752879124894,0.6746987951807228,0.6671719650090175,2.743768283704289,0.45337292146350155,0.7636363636363637,54.88000880053414,57.6166992616363,0.9525017834035424,2
010120,26,25.71428571428571,0.7109386990861791,2.5526874862662776,0.6148980271232863,0.4217459937123019,0.453416149068323,0.8134957892528691,2.4904468301636156,0.8230666841013325,0.4964285714285714,95.71441637009256,89.7984703429014,1.0658802539130203,2
010130,23,14.632258064516128,0.43921422209973005,-0.17222590493574996,0.08674736905911283,-0.12516314295400605,0.20588235294117646,0.8726946196072768,2.765620052923688,0.5508740981329042,0.65,33.21244026231566,34.58421365078455,0.9603352731300927,3
010130,24H1,22.90909090909091,0.5623629096845433,1.1980300105820767,0.07040568332284236,-0.353983152273021,0.78,1.7765597847277048,2.7260687066048885,0.5368176468234284,0.9363636363636365,27.27830894044219,26.340891942659734,1.035587898838926,3
010130,24H2,18.439024390243905,0.8901368060581007,1.1621356649790389,1.171226293866515,0.5252663079207851,0.7323943661971831,1.098236942663846,2.7227563484919055,0.635036496350365,0.48333333333333334,76.68211774447697,54.004678551695115,1.4199161961694529,2
010130,25H1,14.94915254237288,0.5666012719617546,0.49929920676924955,-0.08119362835763591,-0.6369074622370692,0.0,0.7340411461414957,3.18398856586776,0.5219748848586375,0.28571428571428575,61.85999182749971,73.0507153822663,0.8468088437435995,3
010130,25H2,18.290322580645164,0.5396937384260122,0.66045309897189,0.786334808810813,0.1823215567939546,0.6078431372549019,0.9876300273506161,2.8779492378976075,0.49899312683142244,0.8333333333333333,55.14439839212676,51.94063154991723,1.0616813224369552,3
010130,26,27.428571428571427,0.6490749053651913,2.160193623154628,0.1596785382128641,-0.45547552868282576,0.08695652173913043,0.8593331526864211,2.5307161858192946,0.5999045602281033,0.65,74.5896736654541,75.82603578852957,0.983694754575809,2
010140,23,17.901639344262296,0.7079288321296465,1.8045453275017551,0.6446529864456328,0.33302989243024006,0.4188034188034188,0.7635329903943543,2.7963428082478883,0.611618355625753,0.6923076923076923,36.12964956725161,38.95689147353489,0.9274263987873893,3
010140,24H1,20.826446280991735,0.4992012558082454,0.7898024465685096,0.4480948991996462,-0.04027389913793996,0.8,1.5560386337421048,2.7013612129514133,0.5529394031847726,0.8303030303030302,38.66166630582843,35.44659551322656,1.090701821883069,3
010140,24H2,16.390243902439025,0.3964012289642904,1.527455518945599,0.3638112379831019,0.184922338494012,0.0,1.1932481717396357,2.8693183486983322,0.4889577352645619,0.3571428571428572,39.595321308373336,41.76523618588815,0.9480449513596192,3
010140,25H1,19.220338983050848,0.5282448004626513,0.9501225943173779,0.8127271432653072,0.5331825308672673,0.0,0.9662660446182395,2.772588722239781,0.5,0.6333333333333333,46.30196040483625,48.48575631705501,0.9549600526402308,3
010140,25H2,26.41935483870968,0.7434241610390075,1.8465260866384423,0.6606391086650871,0.09565447314564972,0.7317073170731707,1.0510618478395894,2.576714199041123,0.5738349101523247,0.7252747252747254,43.396281630220656,42.863787983938366,1.0124229255352286,2
010140,26,25.71428571428571,0.44669414636853366,0.911257220120857,0.05302832290605576,-0.012170535620255291,0.5153061224489796,0.9039415941774767,2.580216829592325,0.4818631033539179,0.6642857142857141,65.36121628452408,65.08888348203537,1.0041840140423344,3
010170,23,16.258064516129032,0.4595938008696025,0.8422213233375838,-0.2152325601250156,-1.067840630001356,0.0,0.6431195116293633,2.8449093838194073,0.6610771630027643,0.7696969696969697,60.36921177015362,59.42780649109389,1.0158411581151126,3
010170,24H1,14.578512396694215,0.5017072176185039,1.39108847679299,-0.10015083924128006,-0.46134556650262093,0.47794117647058826,1.3781747919508738,2.8982769374032777,0.7626964206539367,0.8571428571428573,48.45717087901159,54.1181913357661,0.8953952392526984,3
010170,25H1,12.813559322033898,0.5471214198224793,-0.4811321024853204,0.5118561738415054,-0.07878087785311434,0.6594202898550725,0.6939010313959387,3.0524276172305362,0.6816369482780833,0.7714285714285715,82.60771202269589,94.64534242439996,0.8728132827949839,3
010170,25H2,24.387096774193548,0.8616467694498617,1.7504652846609778,1.0654355792227732,0.5363047090669756,0.8012422360248447,1.4525063461311836,2.6390573296152584,0.5448357652831957,0.8671328671328673,103.17652207338702,94.01444033054119,1.0974539837777395,2
010170,26,25.71428571428571,0.7965195294189718,1.3563758324684525,1.066631406704063,-0.059423420470800764,0.4672897196261682,1.180953671405541,2.533696813957432,0.8504610647194558,0.7999999999999999,154.97364924492686,151.7853171050531,1.021005537298888,2
010950,23,17.883870967741935,0.6529834032472149,1.0062787943560583,-0.10018292305219861,-0.21661063027258676,0.3197969543147208,0.5193961450845396,2.7668907011251433,0.49768771456053623,0.9181818181818183,27.440027932771784,29.9577140946592,0.9159586691450445,3
010950,24H1,27.074380165289256,0.6523465733805784,1.5512782344502754,0.12977747555938862,-0.24014112768278081,0.8418079096045198,1.2917090855159403,2.4389969484839225,0.8648999303702853,0.8791208791208791,23.26912909063321,24.920718563785844,0.9337262499504054,3
010950,24H2,26.634146341463417,0.4890244202367185,0.8733849361397323,-0.33122875421952896,-0.4377259703263859,0.34459459459459457,1.283495839314693,2.390877700139724,0.7232409223256862,0.46703296703296704,25.44009074674833,24.254863265370037,1.048865560214083,3
010950,25H1,27.76271186440678,0.5233801327188772,0.5759539452572737,0.2764561344591158,-0.20391218938632205,0.08379888268156424,0.9058756967611906,2.5998366164619773,0.5547567953985029,0.2857142857142857,27.754316365106074,28.129128209169806,0.9866753124634148,3
010950,25H2,22.35483870967742,0.8201788812663111,2.362829288731622,0.6800382152086598,-0.08829260714567831,0.8231292517006803,1.937331809733083,2.6060510331470885,0.887358987503892,0.7818181818181819,36.114588582877516,41.13955508344263,0.8778555944425489,1
010950,26,24.0,0.6354621817527132,1.736495991074815,0.5855203416977549,-0.010471299867295366,0.9333333333333333,1.1291759798086207,2.613216098431371,0.5091326668304754,0.7406593406593407,62.510757099735834,66.10335402637487,0.9456518208560852,2
011070,23,11.01639344262295,0.4597655228151604,0.28103039521142303,-0.0182052475983276,-0.14805309995913976,0.0,0.7230846930167298,3.2337644373619514,0.6594154458314578,0.8095238095238096,33.18431094421288,34.210472288560695,0.9700044671791643,3
011070,24H1,20.826446280991735,0.6737384667242443,2.5809170030429316,0.1801106682313092,0.3746934494414107,0.9937888198757764,1.7614172805486445,2.6026896854443837,0.6516367022418097,0.6606060606060605,33.4484753489175,31.916729419216374,1.0479919452141262,1
011070,24H2,14.341463414634147,0.5032220837052539,0.10259916992872174,-0.3034028630841442,-0.48550781578170077,0.8235294117647058,0.8017640296834103,3.0099169085459474,0.7906373708756042,0.9285714285714288,41.539937954689506,49.19882066297364,0.8443279207696923,3
011070,25H1,27.76271186440678,0.5175123360647348,1.2617557161371147,0.0710692377164796,0.03789087371139628,0.6666666666666666,0.8866971331845233,2.47847575945771,0.3362893556108941,0.7197802197802198,37.52427045132718,38.082580148837884,0.9853394991797125,3
011070,25H2,22.35483870967742,0.7061109330375562,1.4483629282986652,1.0896414822406781,0.8776758957463755,0.7916666666666666,1.742420046825389,2.743768283704289,0.5566194798734997,0.8454545454545455,39.49702765967159,38.15199173859234,1.0352546711137673,1
011070,26,17.142857142857142,1.8446703871007601,3.088620464635996,1.4080776844527427,0.032088314551500664,0.6763285024154589,0.5130695206090444,2.928523523860541,0.8740039652262189,0.7575757575757575,90.36849631164343,78.24176523193346,1.1549905097841604,2
011170,23,17.883870967741935,0.39085144201507493,0.5977303015919703,-0.06679633747808457,0.07220830834092573,0.7821229050279329,1.1241550263218318,2.6646997602285962,0.554583528931765,0.7818181818181819,30.962472858888635,31.255354327558017,0.9906293985472068,3
011170,24H1,20.826446280991735,0.4405801010716937,0.3539993543596649,-0.1700039905277379,-0.4492677307665572,0.0,0.8416450666875268,2.8449093838194073,0.6139466368735231,0.8181818181818182,35.17260536993136,34.98260697273522,1.0054312246467,3
011170,24H2,16.390243902439025,0.6084289862643275,0.6990015103079389,-0.3975665217642483,-0.5207759546191588,0.8650793650793651,1.4047064892157146,3.001962823304627,0.5241420139455272,0.7380952380952381,46.08806311414022,41.83730758337407,1.1016020335987247,3
011170,25H1,21.35593220338983,0.42608823690671094,0.1857927375834295,0.2199991659843266,-0.5753641449035617,0.08955223880597014,0.6401245757340113,2.70805020110221,0.6784150009988333,0.6242424242424242,48.82123071457514,54.425710142650715,0.8970251483465049,3
011170,25H2,24.387096774193548,0.4099305251961719,0.8803802528081046,0.39186056562818,-0.025317807984289897,0.8224852071005917,1.135355102429984,2.5776883832389665,0.534923316883861,0.7902097902097903,49.17405905089526,47.50442232944658,1.035146974525227,3
011170,26,27.428571428571427,0.5190146038191411,0.42677015508947824,0.11983573119463388,-0.24869662573882725,0.45145631067961167,0.741895400026194,2.495269436823547,0.6562620250616061,0.8764705882352942,68.89523456403556,68.73087975739651,1.0023912804145558,3
011200,23,21.13548387096774,0.6073242371960603,2.473638205668377,0.27458891320826617,-0.6222868948981984,1.0,1.183615433719496,2.5941059417529924,0.628459071887815,0.38461538461538464,40.44639805807916,41.51369416777976,0.9742905050707589,3
011200,24H1,22.90909090909091,0.4578194558894287,0.38700737832626136,0.016913228351644237,-0.5660883024410401,0.7058823529411765,1.0918179931893925,2.5220856530297544,0.9150210778516427,0.9090909090909091,49.6857291447049,50.29527852945961,0.9878805843694121,3
011200,24H2,26.634146341463417,0.36926522484714125,0.5614315490520656,0.10710955442935145,-0.037740327982847086,0.8448275862068966,0.9555622344033833,2.5825451193519164,0.4001222320903251,0.5934065934065934,36.839658385583455,38.572584248046745,0.9550736385376865,3
011200,25H1,25.627118644067796,0.5505283703133121,1.033565739369987,0.5090077152354986,-0.03636764417087483,0.8802395209580839,1.1091886306609882,2.6210388241125804,0.33273675640189876,0.6573426573426573,49.605763522644125,47.498620784054026,1.0443621878658316,3
011200,25H2,18.290322580645164,0.35924362163208257,0.45884791411764797,-0.17123148682866704,-0.3736725203073035,0.7046979865771812,0.8300180695205231,2.7300291078209855,0.3660317008800595,0.6333333333333333,33.70208968655638,40.83370860819784,0.8253497131482761,3
011200,26,29.142857142857142,0.48226927966753536,0.27640770038454454,0.18335671649644414,-0.30010459245033816,0.7649769585253456,1.2311133815856046,2.5604142022961454,0.8101993811341025,0.6568627450980393,41.83158163927897,48.29972446940232,0.8660832354391402,3
011780,23,24.387096774193548,0.43796913272272464,0.5184945587914225,0.14265523813393513,-0.27430394650560475,0.5157894736842106,1.1891127075148973,2.512305623976115,0.5427560773027091,0.682142857142857,33.822784815512655,35.5403775441366,0.9516720742065581,3
011780,24H1,20.826446280991735,0.6645290527266815,1.4720323231950834,0.33721832985930617,-0.012578782206860073,0.18181818181818182,0.9589479648382687,2.766319109226186,0.37437675927691744,0.8060606060606059,44.562341419663504,44.11950638930311,1.0100371710066947,3
011780,24H2,20.48780487804878,0.5311360149984731,1.5579401459690918,-0.273366625993969,-0.15822400521489402,0.9127906976744186,1.5201635623039937,2.7212954278522306,0.5270462766947298,0.9030303030303028,45.245396515236656,47.43127643447022,0.9539147987667269,3
011780,25H1,21.35593220338983,0.5357943370858325,2.4405525249269533,0.4925621986193301,0.4172995657551673,0.31210191082802546,1.0539514562487282,2.6461747973841225,0.5290968165215459,0.29696969696969694,47.730822848204916,47.06587472517427,1.0141280306998095,3
011780,25H2,24.387096774193548,0.43461359622355483,0.6601437982258573,0.12166209342749157,0.05588045839445663,0.29213483146067415,0.9390152228656129,2.7024791560527546,0.4195932744164859,0.9300699300699302,30.9165860952602,31.723749606344697,0.9745564909224014,3
011780,26,30.857142857142854,0.35343914148794014,0.8221194921007864,0.19694355418384035,0.009756174945364656,0.5497630331753555,0.9033244337100804,2.4326382212422435,0.4324034462346923,0.6656346749226005,59.30174717126284,60.556048062161906,0.9792869427408555,3
011790,23,17.883870967741935,0.6289077627139664,1.5719121595610945,0.04137896967068915,-0.5356009117315488,0.8703703703703703,1.2963348985488694,2.5649493574615367,0.6871603518193014,0.6000000000000001,40.07902589663636,46.82232166947905,0.8559811745251777,3
011790,24H1,20.826446280991735,0.7865368923090252,2.013719831876425,0.8396740704913779,-0.24981179839637097,1.0,1.7843042168650514,2.8273136219290276,0.7605590201603935,0.7939393939393938,59.27470346814345,55.31917775502579,1.0715036967945226,1
011790,24H2,18.439024390243905,0.5818606676400292,0.899652877204936,-0.18228688475735028,-0.3338714549211555,0.6451612903225806,1.1043028942374542,2.820055259478705,0.6069365710088792,0.6333333333333333,65.04159712361357,66.17365128081019,0.9828926750257031,3
011790,25H1,23.491525423728813,0.8602012768305131,2.445836909871786,0.38198625706168976,0.12970954466811288,0.0,1.0675599596114658,2.7260687066048885,0.5089407545186151,0.8909090909090911,59.543912301608366,67.35757395761937,0.8839972820142354,2
011790,25H2,24.387096774193548,0.5461360467515921,2.25980438610177,0.1323182598504609,0.024391453124159263,0.7142857142857143,0.8812540687541571,2.614959778036198,0.41548107061185674,0.8881118881118882,44.304722433124496,51.25234883472643,0.8644427707302554,3
011790,26,27.428571428571427,0.7313490023480899,1.2319564887335612,0.23709989641165827,-0.4013413909243023,0.5747663551401869,1.8646562910050342,2.5356789751614235,0.7235720517455385,0.7970588235294117,79.23360239524978,67.35642847911029,1.1763331902287995,2
012330,23,16.524590163934427,0.4715053703176505,0.8219426381942132,0.03559090674173699,-0.06967992063798971,0.7983193277310925,1.345573209982467,2.8183982582710754,0.646585230230796,0.7062937062937064,26.470993796812536,26.471650312637944,0.9999751992861172,3
012330,24H1,16.661157024793386,0.4290889715605272,-0.15228995484030017,0.08936118105980038,-0.5627853626967017,1.0,1.6421305653571527,2.740840023925201,1.0425751699450156,0.8095238095238096,35.97315194703076,33.06786259550495,1.0878583955384142,3
012330,24H2,24.585365853658537,0.4844827825264126,1.1188208353720175,0.28476228530446335,0.20613220548767314,0.6978021978021978,0.700451237037848,2.7354491752903245,0.4557007696361454,0.8111888111888113,34.05966016890578,34.55387245995681,0.9856973399544797,3
012330,25H1,29.89830508474576,0.4762731947669493,1.1843089810726826,0.3634776579775892,0.22884157242884745,0.9746835443037974,1.0187639537805515,2.423537703411708,0.4944816451803698,0.8505494505494505,36.459271856668806,37.79884311814597,0.9645605222019592,3
012330,25H2,14.225806451612904,0.5263093239386162,2.338994676622288,0.5273261835506274,0.053244514518812285,1.0,1.4461025420989477,3.091042453358316,0.25171587463388106,0.9285714285714288,35.84291916404017,36.26044958751907,0.9884852386490371,3
012330,26,24.0,0.6054235813202402,0.7914090459290345,0.4949887622748119,-0.27958486221916157,0.6056338028169014,1.202772115374261,2.7362210780689065,0.7171271811199346,0.6307692307692307,81.04942888260213,72.61057223747012,1.1162207704070015,2
012450,23,17.901639344262296,0.5981666809312716,1.4353619285119679,0.4589914301619624,-0.05614472900910258,0.15695067264573992,1.0714885107128345,2.7821581732559317,0.4970700244648296,0.6483516483516483,46.61686997911518,50.77193342561179,0.9181621977704596,3
012450,24H1,29.15702479338843,0.6708097199405985,2.669167564651764,0.7543171462179383,0.2951170509392991,0.29411764705882354,0.7688662183237008,2.4171884757330493,0.5968310518060608,0.8461538461538461,58.638428624793235,58.35995849831848,1.00477159569061,2
012450,24H2,20.48780487804878,0.5894312905733473,0.8169912179802212,0.42225814189267313,0.26236426446749106,0.0,1.2494776932628004,2.624668592163159,0.5289799924711985,0.8909090909090909,53.32282024773054,55.15770863373256,0.9667337815247846,3
012450,25H1,19.220338983050848,1.2210017220416995,2.6484435018294383,1.3749996353183789,1.0647107369924282,0.0,0.3865622386562397,2.7999876964278956,0.880241008483927,0.8666666666666667,60.036787345866024,64.81520541877285,0.9262762797397103,2
012450,25H2,18.290322580645164,0.3307553523402358,1.1295456021797246,0.30377657863636465,0.11915383779016223,0.5029239766081871,0.83890258072636,2.83972802507741,0.5181598472053397,0.9166666666666666,48.50908411876084,48.08770888576585,1.0087626389935935,3
012450,26,18.857142857142858,0.4143403909800832,1.3106518258120157,0.2957402000046612,-0.4824261492442928,0.0,0.8969843078170053,2.8385466900315786,0.6480985176243299,0.39090909090909093,73.02822059896124,73.97777382986767,0.9871643443463142,3
012750,23,16.258064516129032,0.43543200123904297,0.857875566852124,0.43623603107661113,0.17435338714477774,0.20606060606060606,1.0694228199548477,2.91235066461494,0.5478088334067023,0.6242424242424242,29.32807645157787,29.18774875566407,1.0048077601698064,3
012750,24H1,29.15702479338843,0.5509319773026585,1.3887012953952902,-0.021434403109388128,-0.07738666361542024,0.0,0.7857692721743248,2.5594397016505672,0.6272529323901456,0.6967032967032967,29.21166137361339,29.61822385830674,0.9862732320939182,3
012750,24H2,20.48780487804878,0.4144579690444707,1.0995325683353185,0.29278658507955724,0.3953127366441465,0.751412429378531,1.3142737485319482,2.797281334830153,0.48882008180674513,0.6606060606060605,31.26585081125287,29.12890286577019,1.0733617725092504,3
012750,25H1,21.35593220338983,0.31852600236814216,-0.09343845382100001,0.3327382394234152,0.31709595765807425,0.8641975308641975,1.034652789340111,2.766319109226186,0.3870749992091554,0.23636363636363633,29.887645872161574,30.197665800110165,0.9897336459711578,3
012750,25H2,12.193548387096774,0.6587934742512401,1.4650790632490263,0.45079612107386036,0.6337237600891445,0.43820224719101125,1.0893531078142342,3.2188758248682006,0.8789084138862252,0.942857142857143,30.61277759002321,28.990796791675688,1.0559481276076292,3
012750,26,20.57142857142857,0.4249216568406615,0.39501529678543756,0.17382218398843183,-0.019231361927887533,0.7333333333333333,0.9471493553497945,2.8526314299133175,0.5458410411220573,0.6643356643356644,58.5267989312801,57.23320980203136,1.022602072008948,3
014680,23,9.754838709677419,0.7597643195731145,1.4550772258548836,-0.8809413745054684,-1.137833001821391,0.5126050420168067,1.3991978405443783,2.842969519001581,0.9102427171521724,0.942857142857143,39.99711672411731,39.36858088256453,1.015965417789066,3
014680,24H1,18.74380165289256,0.859026498863814,1.9646332718932273,0.3425155835933162,-0.10419160845284446,0.0,0.4921124100030748,3.1110431200649855,0.6309259793451262,0.8666666666666667,39.69815951691026,40.8799480371027,0.9710912421141081,3
014680,24H2,16.390243902439025,0.4900341892667345,0.4307340842505106,-0.5491997536853088,-0.7748252115742126,0.9090909090909091,1.341559500039318,2.924504764265623,0.6569153925096818,0.9761904761904763,41.89261708316503,43.11275351564604,0.9716989444425485,3
014680,25H1,23.491525423728813,0.567222572118466,0.5403270904137636,0.556576197339815,0.03499684203709615,0.38095238095238093,0.72915094897648,2.5147596129376812,0.34933822755580857,0.8545454545454546,52.62397299107045,55.69976928680454,0.9447790119219982,3
014680,25H2,32.516129032258064,0.873002886497971,2.47698298522696,0.77643294396004,0.29376111852816317,0.0,0.9388867696110952,2.4849066497880004,0.7631562142886654,0.6176470588235293,46.72810477480913,47.13913802903713,0.9912804248992673,2
014680,26,22.285714285714285,0.4722462740131872,0.7788739640107474,0.15843905690310836,-0.004938281640582566,0.2559241706161137,1.075630337976999,2.6714926053684125,0.6137108553981259,0.5494505494505494,82.16112786179549,75.83969919903069,1.0833525017837307,2
015760,23,16.258064516129032,0.6182396791698138,1.1645344141855571,0.12976598591211078,-0.26991961611194065,1.0,2.3945785685518404,2.797281334830153,0.7638599703693987,0.8545454545454544,22.032327367339533,23.17615986938983,0.9506461593078227,1
015760,24H1,20.826446280991735,0.9204243853437812,2.0389825527360905,0.2463464996698378,-0.048790164169432056,0.4470588235294118,0.8918804103182405,2.797281334830153,0.7391223203783386,0.9151515151515152,36.565004100265334,34.72086713420296,1.0531132174474336,2
015760,24H2,16.390243902439025,0.5130060781011858,0.9237119601269167,0.5463893496017908,0.25642952894767657,0.36423841059602646,1.0597971868056062,2.924504764265623,0.5141382666422185,0.5714285714285715,34.70808055096919,32.85144219005467,1.0565161903752462,3
015760,25H1,23.491525423728813,0.6528835303989247,0.5050588125122851,0.5254120785698091,0.43363598507486073,0.75,1.1022879848366975,2.6772785424354564,0.7127247452558386,0.790909090909091,28.892548859307926,31.201047828486743,0.9260121332505011,3
015760,25H2,22.35483870967742,0.7190913276411882,1.8195226698776497,0.8222500427043067,0.08430710645999381,0.0,0.9207347974072728,2.7140925155581725,0.5067908705770239,0.6818181818181819,50.822184235240556,50.407091746347334,1.0082348033681847,2
015760,26,27.428571428571427,0.561102564303073,2.1234769083945295,-0.06949924016198754,-0.4325460667108351,0.09216589861751152,0.7498501173489852,2.6026896854443837,0.4891133042731608,0.8941176470588235,59.34896150292024,59.290517418590525,1.000985723971965,3
016360,23,13.77049180327869,0.4183666111730678,1.0729449008225862,0.47882462952500787,0.685542581174726,1.0,1.3590993445436879,2.9806186357439426,0.6340325273758415,0.5272727272727272,22.245380705340946,21.945025485669674,1.0136867109070986,3
016360,24H1,18.74380165289256,0.3341162501462223,0.2440496490042268,0.05112396020807501,-0.17601238760069,0.06993006993006994,0.9490891305052506,2.6855773452501515,0.42305705611332467,0.38333333333333336,26.47777442467113,26.73182553862839,0.9904963051030635,3
016360,24H2,26.634146341463417,0.5829602148196894,1.6187120481503616,0.42155085533637005,0.28364980892384234,0.0,0.9123395004304334,2.633547673804289,0.6090601653980773,0.5494505494505494,29.76876979542596,30.260901920578643,0.9837370304941898,3
016360,25H2,22.35483870967742,1.2225483026487847,3.145177547290188,0.9196452761614963,0.27598603268858973,0.0,0.5187077120393827,3.004782109073909,0.7637121376553963,0.6818181818181819,34.78549539675144,34.26781440795361,1.0151069158550619,2
016360,26,25.71428571428571,0.6280621765397303,2.1128785191871953,0.4424121317903239,0.18093363151910646,0.5700934579439252,0.8518156868565762,2.6438079323738566,0.43530821351078486,0.7857142857142856,76.87827501511454,67.02368051760422,1.1470315330552752,2
017670,23,13.77049180327869,0.5842959981505373,1.0455511500519397,0.29996971609358036,0.25841169015166776,0.6952380952380952,0.8743556242709194,2.884800712846709,0.7751976815460525,0.7454545454545454,16.626870233022007,18.228471833986752,0.9121373631563245,3
017670,24H1,20.826446280991735,0.4315921673525251,1.4506594140936504,0.06417538538609038,-0.16251892949777494,0.18791946308724833,0.8298087129472776,2.917770732084279,0.6381787657090031,0.5878787878787878,15.225439511853661,16.63873025758241,0.9150601804434747,3
017670,24H2,16.390243902439025,0.4881216351943268,0.8359414108155633,0.7001366046783218,0.6931471805599453,0.5342465753424658,1.0300658835261887,2.847812143477369,0.5453590644123704,0.7142857142857144,23.126538795329925,22.32344445665906,1.0359753773764648,3
017670,25H1,14.94915254237288,0.47564015665981235,0.30236813325515444,-0.35004819871233656,-0.4562374334815876,1.0,1.7883560237092755,3.0580361568901457,0.47734432437374946,0.8928571428571429,18.47565377877865,21.770372544631563,0.848660432470855,3
017670,25H2,22.35483870967742,0.6465249423752204,2.5170941055229132,0.1480811434606966,0.059690478824637724,0.0,0.7600067022289012,2.854378155248259,0.6712687115216218,0.7363636363636363,14.413996658385926,17.279563618934084,0.8341643907368,3
017670,26,27.428571428571427,0.5848725667282199,0.808344666779721,0.6019282710472978,-0.10318423623523075,0.11594202898550725,1.175055977039068,2.495269436823547,0.7730171614767077,0.7705882352941176,61.368822812794356,61.08096483186243,1.0047127281260915,2
017800,23,24.387096774193548,0.35467356873107986,0.4315247577246268,0.1650070419021434,-0.0014716706114562507,0.47540983606557374,0.9925552947224134,2.495956485974585,0.47331630698889665,0.6785714285714285,39.81661982557032,40.620579331066274,0.9802080738695647,3
017800,24H1,16.661157024793386,0.6242972316154,1.736617395203263,0.15886477236107643,-0.11778303565638351,1.0,1.6650392034945976,3.056356895370426,0.40148020735236684,0.2380952380952381,31.568717275233404,32.10622446212321,0.9832584741465344,3
017800,24H2,24.585365853658537,0.4456100173628463,0.5156395371836894,0.4807266320776903,0.12883287184296838,1.0,1.2333581019183026,2.6567569067146595,0.3023916715448201,0.8461538461538463,40.605387549963,38.99730364634078,1.0412357715345046,3
017800,25H1,21.35593220338983,0.7055070188345169,1.631623325812734,0.8053497250156791,0.5245244681241528,0.8066666666666666,1.6533687456751158,2.747270914255491,0.45246704042962144,0.8787878787878788,45.8043044651639,46.228733097123964,0.9908189430355281,1
017800,25H2,20.322580645161292,0.4888057214761171,2.1516948530312794,0.19872034671607688,0.012903404835907782,1.0,1.8251461386953691,2.740840023925201,0.45746338464908914,0.8181818181818182,40.06202682771077,40.53488636537877,0.9883345044215573,1
017800,26,20.57142857142857,0.5514233583362258,0.32044492182319484,-0.06996709474618225,-0.2614797000577567,0.2955665024630542,0.7733501455019923,2.8134107167600364,0.6984658513159719,0.7272727272727274,49.8281463988946,49.6846921984526,1.002887291720939,3
018260,23,14.632258064516128,0.5903975031351772,1.5320160948613448,0.8316089909657285,0.2779517878092049,0.9573170731707317,1.3592398476313279,2.7863820443721172,0.7337803288631135,0.7999999999999999,30.463139909984754,31.661748748039198,0.9621433153426602,3
018260,24H1,24.99173553719008,0.38518972741742913,0.28907172620271687,-0.14660236174044425,-0.3794896217049037,0.8202247191011236,1.134360570103179,2.5902671654458267,0.5588136784946547,0.6013986013986015,33.8200339483737,33.973205660204385,0.9954913965622588,3
018260,24H2,18.439024390243905,0.3477024525089802,0.43863470207171995,-0.11684732646856025,-0.2657031657330056,0.44516129032258067,0.8354463899722249,2.751535313041949,0.5762384069766315,0.8166666666666667,36.0488694557716,35.35611001041547,1.0195937688040921,3
018260,25H1,12.813559322033898,0.6921912267659234,1.6321111984911039,0.8084423320540092,0.05971923470162228,1.0,1.205736866225815,3.106080330722856,0.5325660925226827,0.6571428571428573,30.100926138591817,29.093416509469606,1.0346301586406765,3
018260,25H2,16.258064516129032,0.3790676563701428,0.48644521492384163,0.020342388852466583,0.0709517359722844,0.6956521739130435,0.7712418636162695,2.8693183486983322,0.7520597415531683,0.9761904761904763,40.008887384774,41.86077250243958,0.9557608470422361,3
018260,26,30.857142857142854,1.330447889424999,3.2270908748095373,0.577545133375987,-0.49036455189465067,0.6912442396313364,1.8507678155890297,2.4471663218051534,0.7056824573384239,0.8513931888544891,62.90844131392591,54.70029985958228,1.1500566080152073,1
018880,23,19.509677419354837,0.6581969456564339,2.2599639114376067,-0.3437000756935694,-0.46608972992459924,0.7403314917127072,0.8068962089023706,2.627081138568543,0.5091438799256025,0.5454545454545455,34.91474775427527,37.76973976332166,0.9244105988832128,3
018880,24H1,18.74380165289256,0.5706129879369083,0.8410361642062977,-0.44379467684102514,-0.5143405658734351,0.6875,1.1238355313999286,2.9147632110203237,0.4200592517772094,0.41666666666666663,33.04038747217994,32.381287831882354,1.0203543368540346,3
018880,24H2,20.48780487804878,0.2702659817282753,2.334928142013054,-0.12115372397543483,-0.17997137944900113,0.23668639053254437,0.8552313174345992,2.747270914255491,0.5287760032899977,0.9030303030303028,36.787356361870636,38.12883511676688,0.9648172111529749,3
018880,25H1,19.220338983050848,0.6046791093892318,1.7797414501481355,-0.15051618656678298,-0.36237296505337024,0.632258064516129,0.7753513332052536,2.7227563484919055,0.5543001485626485,0.7833333333333333,38.120558874389246,39.106342611837476,0.9747922287892544,3
018880,25H2,18.290322580645164,0.7370301550519271,2.064224490143463,0.598128477589982,0.22540514293026648,1.0,2.012337406581837,2.715430308399833,0.7245072749962497,0.8333333333333333,56.61971730893279,45.88957859430315,1.233825174327526,1
018880,26,24.0,0.5994780069850953,2.1046519791469946,0.3068268004729278,-0.5209012757547322,0.18446601941747573,0.9469632583299319,2.717528945056754,0.8320420662771619,0.7978021978021977,85.51336582087887,89.55418997687993,0.9548784467031162,2
021240,23,21.13548387096774,0.7049599356548537,2.9079774778381857,0.31839388578132866,0.04626171781607334,0.8860759493670886,1.6225007326718075,2.5530444549552183,0.6550389147042891,0.521978021978022,29.72036775392691,29.635197050411627,1.0028739712231507,1
021240,24H1,20.826446280991735,0.3350361231040471,-0.00264559959225008,0.2793918970059378,0.0,0.38235294117647056,1.0919907708988816,2.8094026953624978,0.3780223815502038,0.5393939393939393,39.49157465343362,39.529901284446915,0.9990304394959777,3
021240,24H2,22.53658536585366,0.5154127193528109,0.8602231739985773,0.3861535485258236,-0.14763599880606468,0.38650306748466257,1.2011021779051432,2.755396321699408,0.6657142896065958,0.7454545454545456,50.90309848708965,47.82036749922736,1.0644648117334543,3
021240,25H1,23.491525423728813,0.7246525539530457,2.06643150721337,0.6312645404244156,0.1690763300439341,0.8387096774193549,1.9235173843673177,2.6193845640165536,0.37442703622455076,0.9,49.88399581845552,50.41571575587868,0.9894532899225742,1
021240,26,17.142857142857142,0.4472425171324722,2.2524770245561574,0.2732891112094133,-0.14389417966006904,0.5833333333333334,0.7745640114314248,2.89591193827178,0.7350119949154597,0.6969696969696969,57.902440999510105,53.84196652158407,1.0754146763249868,3
022100,23,22.761290322580646,0.9069498173442375,1.8556132537543888,1.0851254640657533,0.0881072675102668,0.17058823529411765,0.970812387413679,2.429846872604973,0.6355098564705999,0.7318681318681319,90.2395443965201,114.18783263198502,0.7902728540907887,2
022100,24H1,18.74380165289256,0.6008588318058853,1.49213805743178,-0.02630838815865579,-0.49989655323380033,0.0,0.9489608568398032,2.8779492378976075,0.35550909798484764,0.8499999999999999,49.964812569178484,51.65319545797836,0.9673130989509945,3
022100,24H2,20.48780487804878,0.45048204538708136,1.281651170822869,-0.32373470371721097,-0.7030975114131134,0.0,1.1217222650533512,2.714694743820879,0.8047258433633578,0.9272727272727272,53.65041350265456,55.05136438574618,0.9745519316601288,3
022100,25H1,23.491525423728813,0.6186704709399254,1.4533433561164617,0.33243696734995826,-0.16318008654665264,0.3793103448275862,0.6243233754871145,2.625985248047906,0.306722916275294,0.7090909090909092,47.873959671342774,63.79005043254918,0.7504925822556625,3
022100,25H2,28.451612903225808,0.5224326949442057,1.370077866463895,0.40837257093209006,0.13491931789937064,0.6845238095238095,1.178344859928947,2.623632859289627,0.5051174704892187,0.7142857142857143,47.72218804448864,45.58252189907584,1.0469404950904257,3
022100,26,25.71428571428571,0.6350405993912489,1.6469724323468813,0.09596784232117733,-0.337130347865762,0.10377358490566038,1.1443190978165745,2.624668592163159,0.5894624827277163,0.4107142857142856,78.45588109695704,75.9188835561748,1.033417213504003,2
023530,23,19.509677419354837,0.5171887553700978,1.1396788355632663,0.11207072932530905,0.21256144198367288,0.0,1.0517433280702226,2.6508917872622613,0.49074479093209905,0.9300699300699302,23.964547637453876,25.676376340053558,0.9333305961897227,3
023530,24H2,16.390243902439025,0.46168197129864147,1.0891321148582997,-0.3655326501637977,-0.3787968610260031,0.8926174496644296,1.438973292668631,3.1516670751747506,0.7114395688721252,0.5952380952380953,26.932230882698192,25.167382679260164,1.0701244235814953,3
023530,25H1,23.491525423728813,0.7507564996701808,1.5813282125202635,0.701521979203313,0.32090772008010127,0.86875,1.8761849433591502,2.671008929421861,0.6695794915781894,0.8272727272727273,33.25690777388347,30.90669657386502,1.0760421352182235,1
023530,25H2,14.225806451612904,0.4166805849635467,0.35303950240675314,-0.05099957507609081,-0.3154616365588566,0.31137724550898205,0.8365458049142731,3.0239031505206873,0.5158714260252261,0.8928571428571429,27.29761585060401,29.279712243427426,0.9323047857730109,3
023530,26,18.857142857142858,0.7383053023691976,1.0678054385989117,0.7765270960899021,0.1258093465306123,0.5922330097087378,1.4344351743934722,2.7782544597754586,0.6713328988565744,0.9363636363636365,71.93378553180591,65.43935257857342,1.0992435392057798,2
024110,23,16.258064516129032,0.6988509573094254,1.1120808990476934,0.6170264955098188,0.8201468713212529,0.49714285714285716,1.3258819173495382,2.7536607123542622,0.9161795484004751,0.7696969696969697,14.07516479252232,15.816820353319589,0.8898858606286355,3
024110,24H1,22.90909090909091,0.6925814678985414,1.0178515692421792,0.5142701402782159,0.3816544594144459,0.21476510067114093,0.696833848936419,2.6193845640165536,0.6401408226281565,0.790909090909091,26.142914981610698,27.31883318114992,0.9569557677759601,3
024110,24H2,24.585365853658537,0.41037694768748173,0.40721568985042184,0.2563073897692188,0.5002435144354538,0.2624113475177305,0.7781043219069642,2.532373187026924,0.6289140571656995,0.6993006993006995,19.784495668012987,21.385574599691665,0.9251327606740217,3
024110,25H2,22.35483870967742,1.4848891372315203,3.0793644265444877,0.9286224655802984,0.485183193152653,0.0,0.4464647980376614,3.05314318076733,0.7331497249683757,0.9272727272727275,22.13258014712568,23.62092347229457,0.9369904683483439,2
024110,26,18.857142857142858,0.6990058498530418,2.131833866498472,0.2988726064159534,0.023851215822180062,0.15151515151515152,0.7544535611122192,2.972742755329292,0.37131896230669875,0.44545454545454555,41.02882242153158,39.05436755915851,1.05055656987358,3
028050,23,19.509677419354837,0.7979244944492466,1.5850095316895225,0.1993464484808999,-0.08701137698962981,0.7105263157894737,0.7182395035760392,2.7300291078209855,0.8137734247331108,0.7622377622377624,33.92871717735791,37.09778745705218,0.9145752214100888,3
028050,24H1,14.578512396694215,0.4358465198888052,0.5615501020523143,-0.1608819959538494,-0.04409531986522435,0.0,1.3374396309535592,3.0376964726530233,0.5997487015703671,0.5714285714285715,35.0596669955626,36.515064976474896,0.960142533448867,3
028050,24H2,14.341463414634147,0.5751452591629527,1.3530592609733223,-0.33439027719789677,-0.2876820724517809,0.7291666666666666,0.6349413156710016,3.0376964726530233,0.8720355424893722,0.7500000000000002,35.270221750007366,37.012583903971105,0.9529251413928764,3
028050,25H1,17.084745762711865,0.5575347731647279,1.140470316635705,0.677862983679479,0.7323678937132266,1.0,2.0851327416098204,2.9575110607337933,0.6384993127881256,0.8333333333333335,36.137944672233175,36.243023617882905,0.997100712491386,1
028050,25H2,16.258064516129032,0.4334105997496829,0.43163984882720474,0.7304821011664905,0.09180754925312289,0.543859649122807,1.0897269686315163,2.6119063405493077,0.6025983713013184,0.8333333333333335,35.23016480830982,34.29681993222499,1.0272137439543736,3
028050,26,24.0,0.7673263839052432,2.6336841640995274,0.6141947260014307,0.04329680575332426,0.5944700460829493,0.7440227293694418,2.803360380906535,0.9097899410350974,0.6703296703296703,89.83614945175366,89.09645059559091,1.0083022258599306,2
028260,23,19.509677419354837,1.029603572568443,3.19426090369114,0.5896479390734549,0.3442695470812447,1.0,4.338242275142876,2.6855773452501515,0.5154451439957703,0.8251748251748254,18.793615838655146,18.96972207533495,0.9907164566786784,1
028260,24H1,18.74380165289256,0.6371320083162912,2.808030073395076,0.40311264235787847,-0.052562330090855564,0.19463087248322147,0.7389886419651385,2.7863820443721172,0.508120398036092,0.8166666666666667,35.90636578153506,37.79895808902867,0.9499300403192079,3
028260,24H2,18.439024390243905,0.583273794528617,1.0181452989989446,-0.16104948237363445,-0.41925843024050025,0.8531468531468531,0.9764277761388221,2.6931245508855346,0.7669172932330826,0.7,31.88660914276433,34.15585826723594,0.9335619352113194,3
028260,25H1,17.084745762711865,1.0373433884518797,2.5813321960233675,0.8073885009531862,0.33420208808667373,1.0,3.6816847923850933,2.9378382951350885,0.646045801611947,0.9047619047619048,30.493564613808232,29.19504672466727,1.0444773355352717,1
028260,25H2,24.387096774193548,0.48643310730811573,0.7075306182365885,0.6954991223005296,0.14842000511827322,0.4876543209876543,0.8345307199089157,2.6026896854443837,0.5271054255952803,0.7062937062937064,45.49238579460104,43.81353888362115,1.0383179937927245,3
028260,26,27.428571428571427,0.5502395167987194,0.5498472264184807,0.4802079428522235,0.3109389346160482,0.6082949308755761,1.316498210465155,2.5307161858192946,0.6401034544239982,0.8617647058823529,88.51738438068962,76.95024599927429,1.1503197063401776,2
028300,23,17.883870967741935,0.33685517169190504,1.1812548920861639,0.006182348102915268,-0.20895891632225339,0.0,1.0193632689935404,2.772588722239781,0.46351240544347894,0.7090909090909092,42.24294891826984,49.40625280979004,0.8550122001946125,3
028300,24H1,18.74380165289256,0.526194042866875,-0.09459555004299931,0.7833073891342102,0.8002453161163124,0.0,1.1671216462682326,2.9618307218783095,0.47264655730595867,0.7166666666666667,90.75639229710816,89.50385926117043,1.0139941790921312,2
028300,24H2,22.53658536585366,0.6788578745977569,1.9838050461808918,0.3901952871120601,-0.3352608494349158,0.05056179775280899,0.9101784058251325,2.6646997602285962,0.752589930778794,0.6818181818181819,64.85384553809602,78.2377106006051,0.8289333243551535,2
028300,25H1,14.94915254237288,0.6613897347501134,1.4523689428667854,-0.07282066529129297,0.6090640633494039,0.47959183673469385,1.2844909911303883,2.7269186854065928,0.8071902976792648,0.9642857142857145,54.79435576023129,91.54640486103716,0.5985418634779418,3
028300,25H2,18.290322580645164,0.6276809716613722,1.6329832628816578,0.19180656673810462,-0.36919893012377,0.7041420118343196,0.7524014933401549,3.125785401802189,0.4410926889688254,0.6333333333333333,49.44637664697004,49.18794751207944,1.0052539117398045,3
028300,26,22.285714285714285,0.5854923884574287,0.41328040281415174,0.08993203691362964,-0.014888612493750637,0.8867924528301887,1.2491037446364495,2.66615925939305,0.6701369068586327,0.6648351648351648,73.63364486384417,68.47703205928728,1.0753042684456928,2
028670,23,21.13548387096774,0.38153673045922404,0.36093572506068844,0.019614757100002624,-0.12099847251035788,0.6265060240963856,1.0815169299554703,2.633547673804289,0.312329845417065,0.8956043956043955,38.86348195018819,42.74137276948702,0.9092707938930017,3
028670,24H1,18.74380165289256,0.5960671760877025,0.8169872127576626,0.19217381186367388,-0.4029929189627752,0.2446043165467626,0.5724822754053757,2.846200539583027,0.7274175666954633,0.8333333333333333,37.92845536779384,53.04771703358343,0.7149875148026088,3
028670,24H2,26.634146341463417,0.3862197995877341,0.5803277858375527,-0.23468416317476942,-0.1664207724190726,0.5142857142857142,0.7157558233589164,2.5288008433452256,0.4202789830295448,0.6373626373626374,30.41652490658459,33.88806816953524,0.8975585375482837,3
028670,25H1,12.813559322033898,0.6246191227711653,0.4545688172906738,0.5425524621597841,0.6486954179891113,1.0,1.9989624105598771,3.106080330722856,0.6705463703881498,0.942857142857143,31.98196867271276,31.722842653744497,1.0081684362841197,1
028670,25H2,24.387096774193548,0.4599885129497731,1.1958297123030253,0.24861447842942982,0.0750351859429141,1.0,1.042315476047439,2.5902671654458267,0.39600275481135455,0.8881118881118882,31.914813758768133,33.200889639252864,0.9612638126731332,3
028670,26,17.142857142857142,0.661192372524783,2.4063959680146487,0.5706804448037192,0.2988553730499061,0.24154589371980675,0.6861154558597805,3.039749158970765,0.6696475712883062,0.6484848484848483,62.038084214272104,66.1869288432584,0.9373162541079456,2
029780,23,16.258064516129032,0.7600773072085942,1.5551295353795946,0.5349737416852006,0.6931471805599453,0.9047619047619048,1.2158805788897518,2.747270914255491,0.8238003938476233,0.6848484848484848,13.17447250544547,13.384089548474309,0.9843383412618654,3
029780,24H1,29.15702479338843,0.5943161976780941,0.9716747095675345,0.6005091429848799,-0.02564243061333767,0.22377622377622378,0.8291810602351183,2.4107986776342782,0.7901334881174553,0.6747252747252748,30.187690530753137,29.42546894420649,1.0259034643761122,3
029780,24H2,12.292682926829269,0.2305668579473126,-0.6868625890589871,0.14233692269041998,-0.11954515064978281,0.3717948717948718,0.9263512293948518,3.106080330722856,0.7549347567625592,0.3142857142857143,29.336671325441937,35.69505242549525,0.8218694001549686,3
029780,25H1,23.491525423728813,0.5507399015812888,0.36539874255579313,0.5138875783013368,0.31585294941847725,0.9367816091954023,1.1065963679708073,2.70805020110221,0.6124631508189787,0.8636363636363636,24.883967931153997,25.86072962473572,0.9622299251507795,3
029780,25H2,14.225806451612904,0.47846118433333146,0.48939972701599077,0.29455052937792336,0.01398624197473987,0.0,0.706224757240208,3.172083663361442,0.6472977264258458,0.4642857142857144,28.557910893462793,28.785089476690896,0.9921077687317226,3
029780,26,22.285714285714285,0.4832006644793032,0.5666417424642693,0.05710694443390141,-0.42292432947993314,0.4,0.7967314529015104,2.7482566215802504,0.687511328889663,0.7197802197802198,38.62486015111802,39.44676757681186,0.9791641374900137,3
030200,23,16.524590163934427,0.6167900626292837,0.7201722273776694,0.553674109946534,0.4834266495778762,0.5584415584415584,1.3096972886471847,2.782951509275328,0.6671624613345747,0.8741258741258742,17.671786851140723,19.73687879457581,0.8953688693673985,3
030200,24H1,14.578512396694215,0.6057891564954148,1.2865793748664358,0.41147216237172984,-0.33436918642443414,0.17763157894736842,0.7394565440978782,3.0376964726530233,0.2882414440068604,0.3214285714285715,26.4126392653056,27.065374929175896,0.9758829993828513,3
030200,24H2,30.731707317073173,0.4586815017370272,1.3725391089379577,0.3839960761972372,0.6004377824556778,0.8770949720670391,1.2282882494777767,2.512305623976115,0.5313897243377932,0.5464285714285714,30.07513545213647,27.473490905942725,1.0946965405707139,3
030200,25H1,23.491525423728813,0.4648480581397855,1.0510673222609306,0.4974885350082339,0.2849757108540378,0.6894409937888198,0.6817940941520009,2.6519607344511664,0.5208584806552351,0.8181818181818182,23.489031252725773,26.256049463180872,0.8946140692515332,3
030200,25H2,30.483870967741936,0.5012434651798765,1.4708133494812403,0.07971562174269832,-0.24729027798118067,0.0,0.870088171876469,2.4624337939359418,0.5118369022089067,0.6928571428571427,20.6785530333828,23.14317110630666,0.8935056020800782,3
030200,26,22.285714285714285,0.5580171106648607,1.7808981152625212,0.2631149123971996,0.007547205635382904,0.20388349514563106,0.931879668615605,2.7580606216768717,0.4639491995958946,0.39560439560439564,40.291006849874385,39.778815784623845,1.0128759756958006,3
031980,23,19.509677419354837,0.8669897145025124,2.054419967209732,0.8564421713177831,0.3170959576580744,0.0,0.7537798743023643,2.583997552432231,0.4997167390777909,0.8531468531468532,96.69822624060652,99.9660624905959,0.9673105435127366,2
031980,24H1,18.74380165289256,0.8462846092648365,1.4833791783477288,1.2554698939864464,0.7522360969299516,0.5,2.550635646385339,2.9267394020670396,0.6484134876916181,0.75,83.24004950393356,78.1439878928268,1.0652137387471947,1
031980,25H1,17.084745762711865,1.025901800777468,2.708527679481375,0.5371752153448379,0.02702867238791942,0.0,0.5979933862706946,2.917770732084279,0.44574114871542275,0.8095238095238096,74.25777906550381,77.48456625964256,0.9583557429575571,2
031980,25H2,24.387096774193548,0.7340175854947223,2.8150451918273305,0.4945095343977631,0.33270575382573614,0.4817073170731707,0.7911058651402333,2.719100037288795,0.5450372205554833,0.8461538461538463,54.94107300903125,54.50332445501141,1.008031593639415,2
031980,26,36.0,0.5819377655193929,1.717027726288493,0.5788245882823293,0.2841794419005789,0.0,1.1808644724622093,2.2129729343043585,0.8648829174735156,0.6662337662337662,102.83988108988868,103.25643770741412,0.9959658048759557,2
032640,23,27.54098360655738,0.5018632999914373,1.5756434712113447,-0.14832427848861643,0.00851068966790883,0.30578512396694213,0.799929882125046,2.463853240590168,0.5991742588561003,0.4872180451127819,14.880178531377519,16.016907824279222,0.9290294165782366,3
032640,24H1,16.661157024793386,0.37132717652565433,0.18244248524566653,-0.1900106283697513,-0.5436154465889815,0.5753424657534246,0.8065242601535544,2.9109910450989003,0.5677609170788396,0.9047619047619048,11.757981079853653,13.55572878352455,0.8673809625155783,3
032640,24H2,24.585365853658537,0.8712865310356073,2.5785685076347833,0.4834357703768978,0.32228760162925646,0.8520710059171598,1.675165994789549,2.644992065135073,0.3738425932141971,0.8741258741258742,12.922174413325042,12.92060629854338,1.0001213654178007,1
032640,25H2,30.483870967741936,1.1663234915978098,3.5490101064504525,0.6930768882674005,0.43099841011332907,0.0,0.6073793519991701,2.772588722239781,1.0564428184106458,0.2821428571428571,26.49405346042946,26.84012261293892,0.9871062752767519,2
032640,26,24.0,0.37331767165874846,0.4777813872497425,0.12264260507122862,0.11778303565638346,0.48792270531400966,0.8158233035469206,2.6790626642289577,0.5147687241677598,0.5824175824175825,42.42224949434657,47.20663207939336,0.8986502028570841,3
032820,23,19.278688524590166,0.3308907051397274,0.7157606233788819,-0.1678598219572029,-0.028710105882431367,0.3497536945812808,0.9795774730781932,2.7032769223495525,0.47253963276394834,0.16483516483516483,45.84130159457137,53.66587516504413,0.8541983421232012,3
032820,24H1,24.99173553719008,1.4976315021943807,3.2019581664507824,1.071510945916657,-0.1466034741918754,0.8851351351351351,2.4503788962364537,2.614959778036198,0.6809442238270633,0.8461538461538463,47.46355352891571,37.47000691508464,1.2667078935020928,1
032820,24H2,28.682926829268293,0.7041728457943222,1.5811333794657396,0.02648843863372235,-0.3383258052705359,0.06321839080459771,0.6526087507418329,2.581298495463066,0.5108300604673539,0.7494505494505495,69.96628117541309,85.31435919302491,0.8200997093245864,2
032820,25H1,19.220338983050848,0.5125496305949127,0.10238781947330579,0.6876373633920894,0.0032840752011900187,0.9230769230769231,0.8605250931602381,2.7227563484919055,0.5781187787931716,0.6,63.543632520486405,60.41759537539723,1.0517405091292682,3
032820,25H2,22.35483870967742,1.11997102434554,2.9174589488166043,0.6854488439245686,-0.03922071315328127,0.0,0.7518038102946314,2.7260687066048885,0.4767556170275783,0.7818181818181819,70.74177172730528,74.9124656691582,0.9443257686875202,2
032820,26,20.57142857142857,0.8063049875092875,1.0389649333937576,1.012073769653939,-0.3483066942682157,0.2764976958525346,0.9244354001214532,2.8282993292537872,0.7415269598694135,0.5874125874125874,111.09948628317998,106.75205880303183,1.0407245305513928,2
032830,23,19.509677419354837,0.4650420556299579,0.6594728742006051,0.25890039851375896,0.09333193979221913,0.12087912087912088,0.7910101732250872,2.7777835391168852,0.31754514914081994,0.6433566433566434,22.46403835737775,23.413618811813734,0.9594432427525105,3
032830,24H2,22.53658536585366,0.3820939661738381,0.5176056610863311,0.3366624819189439,0.8747910009674026,0.2571428571428571,0.8242789686945294,2.671008929421861,0.7593463886900974,0.7727272727272727,41.46780015092785,41.128246316733005,1.0082559764785473,3
032830,25H1,14.94915254237288,0.4188612864148339,-0.6261744244435672,-0.21593240661011986,-0.7683706017975328,0.0,0.6778815394816301,2.586689344097943,0.6543255930589847,0.7500000000000002,36.82379687507727,36.87120746056909,0.998714156959939,3
032830,25H2,18.290322580645164,1.0894819291072821,2.571730665736887,1.0422580456779507,0.5430287642606254,0.0,0.5885678610737765,3.1403135023650988,0.8136584254366347,0.4666666666666666,41.17933962571415,42.42960164039765,0.9705332605929273,2
032830,26,24.0,1.0942076925070274,2.8306104175330917,0.8102749250754333,0.4428526401797847,0.7009345794392523,1.2179863203113979,2.5483284762254965,0.8881505788510127,0.8065934065934066,82.2634259479207,79.4873382291338,1.0349249047789777,2
033780,23,24.387096774193548,0.46168359145703225,0.5529900484686318,0.27413604976651423,0.43634234667260363,0.4789473684210526,1.2359851614554327,2.5546399878026755,0.5009932874353665,0.5249999999999999,16.694968375391895,18.100099735197116,0.9223688609255103,3
033780,24H1,20.826446280991735,0.38517932133219146,0.5822391718145016,-0.010044647171244245,0.15180601286800413,0.22758620689655173,1.1827515020457178,2.580216829592325,0.3809701447605275,0.7696969696969697,21.29374845844662,21.65543367034485,0.9832981773810642,3
033780,24H2,22.53658536585366,0.6600382099125154,1.4655048487655657,0.6681102406960147,0.6733445532637656,0.5506329113924051,1.0359230774532813,2.743768283704289,0.6389915878221554,0.21818181818181823,35.77294058422542,31.006466911685266,1.1537251466320348,2
033780,25H1,14.94915254237288,0.771399344531834,1.4328967223296556,0.40331324163134974,0.17946848781154814,0.879746835443038,1.4738087872409946,3.0513021247088017,0.7395279787547533,0.7857142857142859,30.26180090795698,30.339784758280935,0.9974296505085565,1
033780,25H2,18.290322580645164,0.39088338857365,0.8313593589162414,0.419129191072352,0.11136982082167006,0.0,0.7320870823912873,2.9675613965872945,0.6188072793524587,0.45,30.350715384199265,31.619839041298242,0.9598630576379155,3
033780,26,20.57142857142857,0.6107537062305578,1.5370569190216181,0.4855880745953607,0.34895289784482214,0.19704433497536947,0.7969468784933965,2.908720896564361,0.7135903022456608,0.6783216783216784,39.89226494169818,39.13256335081957,1.0194135401779834,3
034020,23,17.901639344262296,0.49252537124499,1.400082650385551,-0.03243661856131543,-0.3915437695895564,0.18888888888888888,1.1695548743530564,2.5649493574615367,0.5670088304486149,0.7747252747252747,33.761195008315575,34.26785199323274,0.9852148017618023,3
034020,24H1,22.90909090909091,0.8364476416625454,2.4534211296862813,0.589798994133787,0.3813675565291038,0.863905325443787,1.6450945053694295,2.864794916106515,0.5293856195675749,0.8181818181818182,33.96901149804962,32.172616721963976,1.055836141387258,1
034020,24H2,20.48780487804878,0.44876916882657425,0.9731477291028056,0.2661147595038133,-0.030305349495328922,0.2391304347826087,1.0270601076046022,2.580216829592325,0.34402800739245254,0.6606060606060605,50.72902826070782,52.94885165064145,0.9580760805809329,3
034020,25H1,12.813559322033898,1.267744588424651,2.340519136506334,1.6036890858154642,0.2180021518137911,1.0,3.8069922975780863,3.373026504695459,0.5892423360657691,0.8857142857142858,63.82628037612431,57.57788770247547,1.1085206999245336,1
034020,25H2,28.451612903225808,0.5500561588922802,2.072616465998548,0.3349788625557048,-0.07503518594291408,0.656441717791411,1.1029485010708124,2.436116485618568,0.5477445010783207,0.47252747252747257,58.72193334958472,60.92251502230262,0.963879008082442,2
034020,26,27.428571428571427,0.5172443530346519,0.6748712772905542,0.26422842372000827,0.0,0.5806451612903226,1.3260792779392194,2.5552874465497997,0.6601941747572816,0.4970588235294117,67.26030620328736,67.2939447362082,0.9995001254116889,2
034220,23,26.01290322580645,0.41794575510434684,0.9183494154094529,-0.2830032673857254,-0.3039956479433047,0.7845303867403315,1.2088005777204314,2.414797083600974,0.5395001503060286,0.7147058823529412,28.850131774242072,30.652622048483863,0.941196212467868,3
034220,24H1,24.99173553719008,0.46097141163076477,0.5809466337000395,0.10476151487865497,-0.3689075123743667,0.0,0.8102214036675243,2.583997552432231,0.7007275696250174,0.8951048951048951,27.844788352263265,35.36993693581258,0.787244500966865,3
034220,24H2,26.634146341463417,0.5243775503944121,0.9615845919715881,-0.1537453518563943,-0.4633389575000028,0.11180124223602485,0.7695653334720197,2.5288008433452256,0.6621836674250157,0.945054945054945,39.93484685249965,38.225113741679614,1.0447280058438595,3
034220,25H1,21.35593220338983,0.5783043011062253,1.018862951078465,0.11657259078713147,0.05480823649499516,0.44366197183098594,1.0976306252452006,2.681021528714291,0.5097003200867881,0.41818181818181815,27.293255745354763,30.155153354389185,0.9050942445756833,3
034220,25H2,20.322580645161292,0.8577434516069276,1.5136436154676474,0.6890377013660276,0.20067069546215124,0.2608695652173913,0.7072119329034688,2.772588722239781,0.4658474953124562,0.9272727272727272,40.49060209588805,39.40222129011962,1.0276223210299402,2
034220,26,24.0,0.6127714468295445,0.5270252636095324,0.14632582353185064,-0.434573192266235,0.985981308411215,1.38026639207417,2.6642475784438173,0.702708800588335,0.8901098901098902,70.79809324566541,66.64941651073723,1.0622462573886124,2
034730,23,11.380645161290323,0.2472088387665202,1.0888622898189335,-0.03507909780832464,0.11778303565638346,0.0,1.018072489719869,2.8247744754103516,0.4523391913587294,0.3571428571428572,26.398329855954174,30.62766933693648,0.8619111550913281,3
034730,24H1,27.074380165289256,0.5055176532302494,0.7690816137635871,0.33542408475052365,-0.022090957814191858,0.25301204819277107,0.984790699692061,2.6390573296152584,0.8370664681546165,0.7032967032967032,37.451033285996296,38.27002404733503,0.9785996799916888,3
034730,24H2,20.48780487804878,0.5936645853114276,2.1766027012831666,-0.3142340217665542,-0.39561281166515266,0.0,0.8969480600660454,2.8273136219290276,0.7286894092530624,0.7939393939393938,31.12770290275505,33.54747007810898,0.9278703529738619,3
034730,25H2,20.322580645161292,0.9593883337862619,2.510215929223176,1.0191880841202443,0.5158131652770298,0.0,0.39380160754042354,3.0633909220278057,0.6736467499451968,0.8424242424242423,50.669967027797355,51.07046715039507,0.9921578919296293,2
034730,26,22.285714285714285,0.6283533724100188,1.7732889707403725,0.6454977102925761,0.29657101986902684,0.5502645502645502,0.9290933240173852,2.655406467616788,0.6079859737210546,0.7747252747252747,89.40100471437592,79.8646365398651,1.119406643386534,2
035250,23,22.761290322580646,0.42338233960210725,0.5768181252232522,-0.08320550146465516,0.1006435257796875,0.16393442622950818,1.0737601658820255,2.5483284762254965,0.5658115426347633,0.8153846153846154,20.053333037309642,24.517622858623156,0.817915062685477,3
035250,24H1,12.49586776859504,0.5042523669441318,0.35499891667573463,-0.03919045673614109,-0.6131044728864089,0.1875,1.0784473650786528,2.917770732084279,0.8351307618183401,0.942857142857143,19.076506762091654,21.143453885540193,0.9022417465643063,3
035250,24H2,20.48780487804878,0.6894613644663052,2.5189141273094426,0.3205412127855331,0.08796877294595722,0.44970414201183434,0.7417495674609254,2.9014215940827497,0.6463930184550656,0.5030303030303029,25.301059019659455,26.488870587991336,0.9551580893422322,3
035250,25H1,21.35593220338983,0.5749817770627729,0.8410404195988759,0.36298700541294204,0.44628710262841953,0.757396449704142,1.3872645208026106,2.797281334830153,0.4036485069042735,0.9272727272727272,17.848874411432465,22.64425278003683,0.788229781075754,3
035250,25H2,20.322580645161292,0.48546213023200635,0.23097891690367597,0.09014901771076339,-0.0779615414697118,0.08791208791208792,0.871201022290861,2.7343675094195836,0.513311129273823,0.8060606060606059,19.173012133587,20.6491388516591,0.9285138848318851,3
035250,26,22.285714285714285,0.3384444929079135,-0.011913527894218734,-0.25819883260504944,-0.2732933349996813,0.12972972972972974,0.9623018127187526,2.6820747146989494,0.43591107719428657,0.14285714285714285,29.504355276198442,28.18732405495516,1.0467242374152135,3
035420,23,19.278688524590166,0.4428800838612398,0.2553458707186985,0.3171049011103795,0.11895194286136548,0.7050691244239631,0.9001373240423153,2.6692103677859462,0.5569251924920884,0.7758241758241758,29.590631941823194,34.120541368687505,0.8672380552841574,3
035420,24H1,18.74380165289256,0.39757370980330486,0.6348428652414034,-0.544335219846501,-0.7221347174331977,0.45454545454545453,0.8560695803506077,2.70805020110221,0.5686240703077327,0.39999999999999997,26.45609233321411,28.300206021081863,0.9348374465368201,3
035420,24H2,16.390243902439025,0.5543250380576938,2.151737495572739,0.5776652537743748,0.22853439994908623,1.0,2.37528667844578,3.0385522707369192,0.39621925616967596,0.880952380952381,29.659190017481592,30.38734967780652,0.9760374080646875,1
035420,25H1,21.35593220338983,0.948789799901774,2.575776283962525,0.6249233484974926,-0.03727139479723154,1.0,2.118625267114228,2.7788192719904172,0.5133991150872118,0.6242424242424242,34.76117584013074,34.243355174964194,1.0151217853075662,1
035420,25H2,14.225806451612904,0.43032487362270083,0.10960707959116217,0.04035011219973107,-0.9100211188605598,0.0,1.1393986222848624,2.9813435361018916,0.8720676552763106,0.7500000000000002,40.76988756868859,44.98498693782234,0.906299864553483,3
035420,26,22.285714285714285,0.5329470418037047,1.4954976844961754,0.09183492435832358,-0.42102962464927596,0.7121951219512195,1.1259317247927025,2.7131653017689805,0.5829328170257919,0.6868131868131868,51.351270795431056,49.754143029336426,1.0321003974513825,3
035720,23,16.524590163934427,0.8818840400575629,2.0535412559836206,0.13628128688189595,-0.5555258026838976,0.9741379310344828,1.6242641920959875,2.772588722239781,0.9501046593067333,0.9300699300699302,28.099001294584465,30.787215664545798,0.9126840699317591,1
035720,24H1,18.74380165289256,0.3600861908617702,-0.05475742058060646,-0.2027554772798524,-0.031252543504104426,0.0,0.9832900704616399,2.5477075510270306,0.26184599869414865,0.75,32.70973867120599,35.27876427064926,0.9271792634307031,3
035720,24H2,20.48780487804878,0.6469845894137489,2.14639809560666,0.09248588813048694,-0.40989970517603025,0.927710843373494,1.2523102662141492,2.9338568698359038,0.5738767642238799,0.6363636363636362,33.68175311140773,34.491448709403436,0.976524743717855,3
035720,25H1,25.627118644067796,0.8628959196817874,2.6313681940420723,0.6502237975566916,-0.2613647641344075,1.0,1.3739410597350767,2.691243082785829,0.5315758914438912,0.5314685314685316,44.388053796200694,45.34514301894821,0.9788932362094971,2
035720,25H2,18.290322580645164,0.3443597979274475,0.33777413762021957,0.06349649200880415,-0.15634607039069398,0.0,0.714871030050253,2.8779492378976075,0.37710347552097684,0.9,45.361908407234566,45.63524123869064,0.9940104878590116,3
035720,26,22.285714285714285,0.39944750055875616,1.0870480496247497,-0.34211801426589217,-0.4922636059059311,0.9248826291079812,1.6368586094549145,2.777384894503274,0.7357357214949759,0.24725274725274726,47.389638601574696,51.53172093329433,0.9196207257063782,3
036460,23,22.761290322580646,0.38943028287832127,1.0630594064409182,0.001651191797502197,0.18879407129957215,1.0,1.95470766162224,2.496741107435003,0.5064818083589604,0.5032967032967033,23.28084515341914,23.61691564955229,0.9857699243576068,3
036460,24H1,24.99173553719008,0.9903364574753099,1.7832725205523967,1.1328467827732442,-0.18473410319933853,1.0,2.2967740899115405,2.538973871058276,0.9003482915428395,0.9020979020979022,38.92206689312919,42.31774282596204,0.9197576310532897,1
036460,24H2,18.439024390243905,0.4013558975481637,0.4056162765996695,-0.07653793670455557,-0.2839013496118749,0.272108843537415,1.190996680417237,2.751535313041949,0.5527821726283652,0.9500000000000001,66.327632840934,66.91616578970628,0.9912049212349997,3
036460,25H1,21.35593220338983,0.35529863434545655,0.1916805325968289,0.39642330064413095,0.15415067982725836,0.23529411764705882,0.7251488141597044,2.747270914255491,0.5270462766947299,0.19999999999999998,52.659697545760324,60.967905141484565,0.8637281767112732,3
036460,25H2,18.290322580645164,0.7281876987354792,1.5736276806008704,0.19213600856508245,-0.11778303565638351,0.0,0.5641466736394966,2.9444389791664403,0.6299320633466223,0.7333333333333334,28.15253550177124,34.22007698763696,0.8226905951129858,3
036460,26,20.57142857142857,0.39662615021572184,1.1403126542764326,-0.08593159520800837,-0.3417492937220567,0.3188405797101449,1.0027887018057566,2.7880929087757464,0.4344498106541275,0.6013986013986015,37.06990702428266,37.23297463438417,0.9956203442861392,3
036570,23,17.883870967741935,0.4386129178588243,0.5993740235610245,-0.14445596651147152,-0.44858331488876985,0.5632911392405063,1.1724973311720726,2.7200985396183848,0.7190317831310165,0.8181818181818182,37.64776094246663,35.89821977036336,1.0487361541406475,3
036570,24H1,27.074380165289256,0.6176939527741683,1.3609414037792293,-0.11432098397193434,-0.3240497166226558,0.8323699421965318,1.517865749384004,2.6112003751122925,0.5613869320115747,0.9065934065934067,35.259065399701704,36.22642176140759,0.9732969386798112,3
036570,24H2,28.682926829268293,0.35152577169842575,-0.13205601574260042,0.21005745721161012,0.2657031657330057,0.9181286549707602,1.0858578618620622,2.429846872604973,0.4167403701096001,0.5340659340659341,46.28821181349328,41.104463918901644,1.1261115557867163,3
036570,25H1,14.94915254237288,0.5845007513034979,0.5628438981750261,-0.27639720446699195,-0.6857670732623227,0.5514018691588785,1.012065995536669,2.8743714165497236,0.7901305450255981,0.7857142857142859,34.37132045736903,37.23481428977739,0.9230963310271023,3
036570,25H2,20.322580645161292,0.4464017363307851,1.6943887824841402,0.47569617122237756,0.22567199766756846,0.0,0.8784773124165356,2.8791984572980396,0.510655993491085,0.5757575757575757,44.55192210010637,44.92666455113462,0.991658796512665,3
036570,26,22.285714285714285,0.39708428918562244,0.46178647150082874,0.27031552031571976,0.1481301920456752,0.6683417085427136,1.0027356518590351,2.7333680090865,0.3785828839237189,0.4835164835164835,58.3159307892936,60.81226232091594,0.9589501946425081,3
036930,23,22.761290322580646,0.8726138042769792,2.103431745573605,0.7635701996961676,0.1112256351102244,0.21808510638297873,1.0158752779705253,2.553899521274952,0.36077893992689875,0.8725274725274725,61.206682083216876,66.09000150372475,0.9261110711242357,2
036930,24H1,29.15702479338843,0.5404972084157939,2.304466309298061,0.2341845169804794,0.04598511324182344,0.3615819209039548,0.7439860428167514,2.5199979695992702,0.45153995385653084,0.5428571428571429,62.026699235607055,61.60069508598938,1.0069155737451179,2
036930,24H2,16.390243902439025,0.521969775753081,0.758306769189246,0.041111912735778536,0.08829260714567821,0.8300653594771242,0.8966403293184336,2.833213344056216,0.5840184992905565,0.5952380952380953,57.32551905471064,59.67804129333709,0.9605797679072101,3
036930,25H1,23.491525423728813,0.5218384133511415,0.6363049372877948,0.2644438989100482,-0.11488027599842202,0.0,0.6445401237802589,2.783888277493715,0.5285916812714757,0.6090909090909091,50.11223259509735,55.49062467211253,0.9030756617213186,3
036930,25H2,22.35483870967742,0.5178675687357869,0.7527389581915681,0.024663504222252282,-0.33845439782520403,0.33793103448275863,1.2917504527639099,2.6835090921860925,0.4686704808263577,0.39090909090909093,38.46227087342163,39.299132299505374,0.9787053459677969,3
036930,26,32.57142857142857,0.8942895339562367,2.4694462846237535,0.8856779343779317,0.31705415076411153,0.5853658536585366,0.881551034726705,2.3387647495715482,0.7790458817909207,0.6842105263157895,128.12246976444595,110.76234788521336,1.1567330614661893,2
039030,23,16.524590163934427,0.6730642656443898,1.7021554465325668,0.6748204428035427,0.4650572053104101,0.4046511627906977,0.8077542702754658,2.798297078949988,0.4441868277303054,0.9300699300699302,53.43796635965259,63.91484564364137,0.8360806604712331,3
039030,24H1,27.074380165289256,0.726936235590025,2.3215883817020484,0.6447310423177015,0.3299047028741276,0.8203125,1.6228156270876535,2.3695245756691548,0.4774742332966342,0.945054945054945,64.43578572094722,63.252121326237564,1.0187134339511656,2
039030,24H2,22.53658536585366,0.34180671886622904,-0.41409178545459,-0.015161860123889754,-0.4100209246440252,0.2,0.7720127116026541,2.925114706340038,0.5000749497662327,0.48181818181818187,65.98007933154284,68.7905396658171,0.9591446680324445,3
039030,25H1,17.084745762711865,0.3848312885697648,0.07737765558937612,0.2446972720780744,-0.014815085785140587,0.0,0.8860777628679231,2.8258332367585934,0.5141158514960935,0.6190476190476191,59.23568980860599,61.83420107588264,0.9579761487645362,3
039030,25H2,24.387096774193548,0.7711073751107337,2.714500108902107,0.7674939861232958,0.5725191927713306,0.0,0.7228624874554128,2.7245795030534206,0.7799620928840253,0.6993006993006995,63.98703039041275,60.76791344159318,1.0529739588954887,2
039030,26,29.142857142857142,0.5573558255454912,0.7314163478903417,0.4256923329313994,-0.13798574297390284,0.98,1.833264380481066,2.455053686638319,0.688169538369314,0.4607843137254902,90.56162323359473,86.8687927586396,1.0425104385324597,2
039490,23,17.901639344262296,0.5698858942765547,0.6807419607463661,0.16685493465448417,-0.19022673630106793,0.8246445497630331,1.4332015721696585,2.814947996078923,0.5415972015457676,0.7802197802197801,33.26251035581669,35.27294654275248,0.9430034521074374,3
039490,24H1,18.74380165289256,0.8877619392637759,2.7927287288541915,0.6875904940568028,0.3065505567561636,0.4125,0.6170722663193765,2.9385738597140425,0.5561623944465679,0.9833333333333333,40.777312794144684,43.530850788697286,0.9367451371920451,2
039490,24H2,28.682926829268293,0.34812567725092464,0.3570751719548387,0.08736669827795723,0.11294041118059554,0.0903954802259887,0.8909591810122965,2.6339422289484884,0.5996644318617157,0.6747252747252748,38.61195261552814,39.115031534537934,0.9871384759445845,3
039490,25H1,14.94915254237288,0.3934281519219718,0.4604399843762158,0.024589998785786184,0.45830758948254424,1.0,1.5541768280598955,2.597384633214691,0.39605341423375073,0.42857142857142866,38.118587541355794,37.168418583481454,1.0255638790695447,3
039490,25H2,16.258064516129032,1.014138258757216,2.393352888940198,1.2322363257333582,0.5221893824163057,0.0,0.7049426350462287,3.1570004211501135,0.6865264973561763,0.6904761904761906,50.353724168204096,51.5558904299874,0.9766822713804965,2
039490,26,27.428571428571427,0.41030202340258004,1.09693825508231,0.2411676776556055,0.16779345623104486,0.08040201005025126,0.9934344940552108,2.6523612952416213,0.672241499740311,0.6,82.37971784901603,79.67841793629007,1.0339025294764999,2
042660,23,19.278688524590166,0.7005516080419136,2.948158118045455,0.32097023854687895,-0.2345722471378324,0.2837209302325581,0.8836568244592323,2.64414639912273,0.8219227566507018,0.49890109890109896,62.11325811041054,65.00564355973398,0.9555056254974906,2
042660,24H1,20.826446280991735,0.5633040847749442,1.1579865693667113,0.43653783998163403,-0.3862337461802769,0.35,0.8727465760665452,2.8507065015037334,0.7163122456076539,0.8666666666666665,48.525158481409356,57.699223070187514,0.8410019390101929,3
042660,24H2,22.53658536585366,0.445632560710086,1.5128372005528252,0.29482558489369237,-0.3173307663739108,0.7971014492753623,1.1426405332288163,2.5649493574615367,0.72160242458822,0.41818181818181827,51.96945197103262,53.374951441961706,0.9736674332630094,3
042660,25H1,14.94915254237288,1.2532195973694866,2.512231148535771,1.2751984501770008,0.21936282847430366,0.0,0.4150927484706243,3.002849741322855,0.9034135979535374,0.4642857142857144,66.65125640902447,68.92543536833205,0.9670052289527873,2
042660,25H2,20.322580645161292,0.6450076304411961,1.8724369869501332,0.540834010262603,-0.20679441331268014,0.13855421686746988,0.703393959538366,2.803360380906535,0.48168157646732784,0.7212121212121211,56.327710168667856,57.74383010732515,0.975475822507353,3
042660,26,34.285714285714285,0.3914753587295954,0.1378816496419875,0.08624196137966653,-0.2127807642786633,0.9245283018867925,1.1979051363215556,2.3841650799864684,0.5540252355789137,0.3984962406015037,67.27891959466984,69.76954824402519,0.9643020671332979,3
042700,23,24.78688524590164,0.7104787953801279,2.3674372485734216,0.8575375640144587,0.20945809822895542,0.30303030303030304,0.7430660045001637,2.5477075510270306,0.40492904353892106,0.6346749226006192,73.58777109526089,79.63825492615008,0.9240254091893411,2
042700,24H1,27.074380165289256,0.7334103155618317,1.074434807688419,1.0408341307209905,0.43363598507486073,0.6,1.0380241992368444,2.559014621941722,0.38878511329976,0.7472527472527472,69.58127565092516,73.22629503985102,0.950222534310357,2
042700,24H2,14.341463414634147,0.4288806293695787,0.26931832699874114,-0.24655773886513152,-0.7932306391169278,0.0,0.8937911202152851,3.0647251450409425,0.6669999167083073,0.9642857142857145,62.42920160279445,67.1814011263246,0.9292631674264378,3
042700,25H1,21.35593220338983,0.5879850967368014,0.7040801137681989,0.3136254109818248,-0.4723593429381946,0.0,0.6409520203570339,2.624668592163159,0.5621328775957045,0.4666666666666666,65.50984069604003,66.43069921697388,0.9861380576783307,3
042700,25H2,16.258064516129032,0.781078269856767,1.9960731453583722,0.7505903860660351,-0.150282203049338,0.695906432748538,0.9828052951239731,2.995732273553991,0.5580578567035602,0.9761904761904763,56.20981847731724,54.94928764913527,1.0229398938932706,2
042700,26,25.71428571428571,0.48886415672857486,0.5695788059717622,0.513905904134127,0.045347819978459256,0.23333333333333334,1.0386923659210239,2.653241964607215,0.5488570708514666,0.4964285714285714,101.03163965412594,100.9140521587648,1.001165224196687,2
043260,23,16.258064516129032,0.5470847882067197,0.6919091015128795,-0.2462283535436183,-0.5642134971840521,0.30158730158730157,0.8810464612930042,2.8390784635086144,0.8395428851933613,0.7818181818181817,36.96377368177085,47.44989734236402,0.7790063994252104,3
043260,24H1,18.74380165289256,0.7707629912674772,1.202003815396739,0.6745917957807945,0.0031695747612790395,0.6212121212121212,1.7288861032113811,2.7586024802650413,0.37600292388502154,0.9166666666666666,58.16979717796864,64.10687053672638,0.9073878773203189,1
043260,24H2,14.341463414634147,0.5030598299711204,0.1038773608747727,-0.4261345437561074,-0.9409833444645266,1.0,1.7355145960213056,3.122994053164918,0.6587681301363841,0.8214285714285715,41.30365585916832,56.40284072624381,0.7322974397626404,3
043260,25H2,14.225806451612904,1.309521765239599,1.5867475000097992,2.1413310541051875,-0.2765314247322711,0.941747572815534,1.416750076463388,3.1957534074473464,1.1590066923392446,0.9285714285714288,51.78431992904523,62.81770542048652,0.8243586673918368,1
043260,26,22.285714285714285,0.8222416379525878,1.3540538963973718,0.9980412580173925,-0.21667103680859223,0.0,1.0994531060305028,2.6925460145662448,0.7755259052330231,0.7417582417582418,143.6707283115625,145.96611615982437,0.9842745158352466,2
047040,23,19.278688524590166,0.5511900244169298,1.0211725147994204,0.242550076202516,-0.16955930518010345,0.3425925925925926,1.7028125917333778,2.6642475784438173,0.6989814814649823,0.9076923076923077,29.945739632527363,31.94524471712759,0.9374083653981783,3
047040,24H1,27.074380165289256,0.36487286435180005,1.2986397006003718,-0.3864305368167362,-0.4725514013245343,0.0,0.8868810638439518,2.738355550597539,0.5298059760436004,0.32417582417582413,23.97531271491968,25.086833466849097,0.9556930629209051,3
047040,24H2,22.53658536585366,0.3546871144933959,0.07314178154924361,-0.13933282133189545,-0.2225954559318946,0.23809523809523808,0.8075385944435022,2.6060510331470885,0.5255252123305783,0.6454545454545455,33.048699171813325,34.9476964692943,0.9456617319785449,3
047040,25H1,21.35593220338983,0.9824959112310704,2.7340595446274776,0.6472034320891822,0.336472236621213,1.0,3.833074088393552,2.667228206581955,0.837950173833242,0.8666666666666665,33.949222270664684,33.27336121700737,1.0203123768966225,1
047040,25H2,16.258064516129032,0.3767500330794912,-0.347532042661472,-0.14290797930631538,-0.5245244681241525,0.0,0.758035013668763,2.970414465569701,0.7063426105901216,0.880952380952381,33.15894452407164,34.76505625838603,0.9538009741052278,3
047040,26,17.142857142857142,0.8258167786165115,0.8892495846673222,1.277827751363549,-0.11506932978478723,0.23333333333333334,0.6777101377135633,2.856470206220483,0.654264343483113,0.7212121212121211,126.6667588569231,122.60441004233557,1.03313379031949,2
047050,23,19.509677419354837,0.810602636507604,2.0296741344977187,0.7589121177749951,-0.39561281166515266,0.11046511627906977,0.4465039046092358,2.644992065135073,1.0808763573729172,0.7062937062937064,60.278895037966215,88.91910422178269,0.6779071332929553,2
047050,24H1,20.826446280991735,0.4354509967360623,1.0267097395726505,-0.0438422899275123,-0.2066142493629993,0.6942675159235668,0.807935923681726,2.6100697927420065,0.754806462001231,0.6606060606060605,44.82720188039476,54.2136823424769,0.826861411058814,3
047050,24H2,24.585365853658537,0.5280465447526147,1.7664668386704134,0.06815012440827628,-0.13353139262452263,0.0,0.825045924854476,2.70805020110221,0.4972652484064488,0.7972027972027973,52.93381858371249,58.33090319261648,0.9074746949985997,3
047050,25H1,14.94915254237288,0.5681512651072352,1.643242569419513,0.48225037223194683,-0.15930090580357403,0.2932330827067669,0.7416807798240682,3.1039458581942236,0.3211958534036505,0.5357142857142858,45.06678793566233,57.88675923712336,0.7785336151062426,3
047050,25H2,24.387096774193548,0.527384447844354,1.0673188489960097,0.162659223403632,-0.05918887139033065,0.7108433734939759,1.0582017746135044,2.644992065135073,0.4858102497673437,0.9510489510489512,38.344480601637215,41.33382747600022,0.9276779563639802,3
047050,26,24.0,0.5010475515142748,1.6729648638029988,0.3139369771957563,0.029270382300113237,0.24154589371980675,0.8874140191807142,2.6839526495231496,0.6359247684829481,0.3450549450549451,62.05450716782928,61.67160525558645,1.0062087229715517,2
047810,23,15.147540983606557,0.2784891156001453,0.30659187078013905,-0.141355184530504,-0.12105942520092997,0.5051020408163265,0.9744593729902543,2.8278514009148306,0.47859730685107416,0.6363636363636364,33.443144549536285,33.80945731930716,0.9891653756429363,3
047810,24H1,27.074380165289256,0.5713353785317943,1.181534342852025,0.2382208243304579,0.4493843420429998,0.0,1.3506819795224492,2.7233176732329984,0.6610118812387017,0.8241758241758241,32.439142328751366,31.72906851130421,1.0223792834382823,3
047810,24H2,18.439024390243905,0.5519622332098716,1.0710801732043465,0.37248795583558614,0.05608946665104358,0.7837837837837838,1.8904268133985944,2.9267394020670396,0.38257652295765265,0.7999999999999999,39.57783579318451,38.660235493983016,1.0237349899056956,1
047810,25H1,14.94915254237288,0.9739027657518764,2.228726792508895,0.874851466974405,-0.08701137698962981,0.40606060606060607,0.5153410911298189,2.995732273553991,0.15275252316519466,0.8571428571428573,54.051494471680314,55.25170061294767,0.9782774805489679,2
047810,25H2,22.35483870967742,0.44820010097558577,1.7948179785386629,0.4449637851646073,0.002195390563435656,0.38650306748466257,0.7037190886842877,2.7200985396183848,0.34955907233771716,0.6000000000000001,46.23802116650553,47.356220089097334,0.9763874962890199,3
047810,26,29.142857142857142,0.7579799840906779,2.991759159157742,0.3777116177665161,0.27909832876038954,0.0,0.8291075918811761,2.434644815007112,0.9325677550218274,0.3651960784313726,70.69655353920218,68.18194052862036,1.0368809246420065,2
051900,23,17.883870967741935,0.5328524428277094,2.1086261114037255,-0.2778852198366863,-0.5478668954463397,0.7467532467532467,0.7231729324594427,2.6958549280083917,0.7746452579711832,0.7090909090909092,32.86041765746898,40.65928860080923,0.8081896852670208,3
051900,24H1,18.74380165289256,0.5944232281026689,1.2553403420583806,0.5718897674137368,0.3096609791705561,1.0,2.1742443260097093,2.7863820443721172,0.4323621660102907,0.6166666666666666,39.499527747315014,39.05905150092157,1.01127718747556,1
051900,24H2,20.48780487804878,0.5122671012779861,1.970886134587785,-0.3955655612662528,-0.3022808718729335,0.0,0.8699208362525539,2.772588722239781,0.7471008782100461,0.8424242424242423,34.36675762144768,36.118728307553546,0.9514941204134402,3
051900,25H1,21.35593220338983,0.486651437130397,0.07295174023435093,0.18013871568656098,0.15415067982725836,0.6842105263157895,1.1580174283949478,2.6602595372658615,0.5397163957091579,0.7818181818181817,28.734468347469278,30.580991398639743,0.9396186007477639,3
051900,25H2,22.35483870967742,0.4761679526066364,0.788808656798288,-0.5279053881977389,-0.3043337060442231,0.19186046511627908,1.175971105667757,2.772588722239781,0.5876329636771579,0.6000000000000001,24.55727534910946,24.462224520980293,1.0038856167004617,3
051900,26,22.285714285714285,0.6264795122931449,1.6754555034734813,0.31361318725940857,0.1234810567710212,1.0,1.5566350355657101,2.5941059417529924,0.5443765612971565,0.5164835164835164,44.396465245959035,37.38587144706007,1.1875198712119432,1
051910,23,20.655737704918035,0.38972444581380206,0.6057117731826117,-0.27688008978039313,-0.690068676332858,0.4846938775510204,1.229641058179353,2.5902671654458267,0.5716517421347672,0.7571428571428571,33.7961605145366,37.932398044877594,0.8909576577402928,3
051910,24H1,18.74380165289256,0.4976349587483982,1.0570763656052597,-0.3017835067376392,-0.5034455164683681,0.3128834355828221,0.693621527550045,2.8653704556907473,0.35010928318833745,0.8333333333333333,37.179523679022644,40.2773743983487,0.9230870739316845,3
051910,24H2,24.585365853658537,0.454593380818361,0.6363412446905402,-0.23458195343936358,-0.14141165404982853,0.23563218390804597,1.0033151773550097,2.6508917872622613,0.3805262824713462,0.6643356643356644,44.874469923583426,43.591709241951875,1.0294267121876708,3
051910,25H1,19.220338983050848,0.3537964129265099,0.0951420135161788,-0.13155091607042832,-0.3736725203073035,0.5333333333333333,1.2051395572323016,2.7300291078209855,0.7210873169835645,0.7333333333333334,39.65168350717006,45.9244262482717,0.8634116252821404,3
051910,25H2,22.35483870967742,1.0577905187217878,2.089771686651581,0.968995683861063,0.4757343039547207,0.0,0.5662524182059334,2.7379031642518914,0.7166676054820706,0.6000000000000001,47.815963349787694,46.30114283137807,1.0327166982449305,2
051910,26,24.0,0.4553981777460745,1.30552775661471,0.03983011205331928,-0.27625337662815824,0.5748792270531401,0.8703426223843402,2.6790626642289577,0.6305424407255137,0.7098901098901099,68.59320780718475,68.47706062278519,1.0016961473425294,3
052690,23,22.0327868852459,0.4097870770012546,0.6570839458794805,-0.06588036699398726,-0.30715417586460125,0.7586206896551724,1.1881708699321196,2.5745188084776873,0.7582770779762018,0.6941176470588235,40.806163752905476,42.22711064062344,0.9663498907180503,3
052690,24H1,20.826446280991735,0.7643630893205343,1.5290723898438834,0.34632857730006217,0.2951170509392989,0.8390804597701149,1.2681526535670704,2.7536607123542622,0.5799327205141421,0.8303030303030302,36.77221010489792,36.821148122824496,0.9986709263447372,3
052690,24H2,28.682926829268293,0.553666647525848,1.0638879906818952,-0.05171880256969932,-0.16126814759612226,0.9371428571428572,1.0560761122690476,2.5199979695992702,0.28874993628931683,0.621978021978022,41.59012756226419,42.113794030115486,0.9875654407323924,3
052690,25H1,17.084745762711865,0.9258054545206154,1.7055293436524188,1.1173672465489908,0.21056476910734964,1.0,1.2275526402665522,2.883403088580071,0.7085502177928676,0.5476190476190477,49.82631956947172,46.44598637174652,1.072779877483267,2
052690,25H2,20.322580645161292,0.3697310137185686,1.1335636174687553,0.10351667360748207,-0.47489361453992734,0.6788321167883211,1.110016181659161,2.5877640352277083,0.6271175520929584,0.7696969696969697,55.65501857076037,64.49902697642779,0.8628815220902541,3
052690,26,20.57142857142857,0.4418878882095522,0.6294945292171839,0.3710092249949871,-0.16034265007517937,0.08411214953271028,1.128296333099748,2.8134107167600364,0.5919459434779496,0.44055944055944063,85.85216365948084,83.0902928424045,1.033239392022781,2
055550,23,17.901639344262296,0.40767326509807417,0.45276959225854413,0.14509194240368736,-0.094545945911569,0.6855345911949685,1.050048719131769,2.7029088016017915,0.545398013530096,0.1758241758241758,21.157065535674285,22.74176653609222,0.9303175943740807,3
055550,24H1,24.99173553719008,0.5410052920128949,0.6370170371429921,0.5071353837326992,0.4054651081081644,0.19254658385093168,1.0701007313237327,2.6210388241125804,0.6759582896276245,0.7132867132867133,40.20606870500117,39.30693793153998,1.022874607404606,3
055550,24H2,30.731707317073173,0.4577154467244433,0.6202062172168137,0.27487250895145304,0.26208141904063026,0.1564625850340136,0.7766447611490711,2.4218485138208634,0.5588058485300312,0.8392857142857142,37.99800568732559,40.06039251552789,0.9485180573953964,3
055550,25H1,14.94915254237288,0.6640963992899928,1.836668546902274,0.4404800032925559,0.43078291609245434,0.9791666666666666,1.3982955825227705,2.995732273553991,0.5627314338711378,0.7500000000000002,28.604241177967946,30.715558597249025,0.9312622815373387,3
055550,25H2,18.290322580645164,0.6308240029177625,1.708786360275943,0.7131062964721674,0.5084699100735315,0.0,0.9257144948860472,2.8590212280120886,0.5112134607008311,0.9666666666666667,34.808032887311526,34.05557681749577,1.0220949442098184,3
055550,26,27.428571428571427,0.6116642721010878,2.5323798037328986,0.4593729082270985,0.06959329179919518,0.1935483870967742,1.0070849146245717,2.665490586683414,0.6969842319118214,0.488235294117647,55.70701220128007,52.89745566404821,1.053113264181842,2
056080,23,19.278688524590166,1.0599821731315806,2.0343573315219885,0.8271858622946697,-0.08607460877124302,0.4722222222222222,0.6846875000114598,2.586689344097943,0.6117921233370198,0.9428571428571428,59.46308723704584,92.0324084070366,0.6461103025149065,2
056080,24H1,18.74380165289256,0.4763314513662488,0.9697412915372019,-0.7797965931914628,-0.5537026481223825,0.4,0.7560668651683914,3.101092789211817,0.47291648311303336,0.45,39.76214475916014,42.45155570080371,0.9366475292307684,3
056080,24H2,20.48780487804878,0.5335722038083354,1.4176559906637314,-0.07994840203033862,0.06805346324501557,0.9448275862068966,1.2278752617999766,2.6878474937846906,0.29747594011079587,0.13939393939393938,53.4194913213057,50.95884665904792,1.0482868986168643,3
056080,25H1,17.084745762711865,1.0209059691540747,2.309261021486133,0.9819059487178224,-0.13176927763112334,0.7468354430379747,0.9338292766448557,2.9444389791664403,0.563358126163284,0.6904761904761906,91.62057939613659,85.53804898191558,1.071109061834073,2
056080,25H2,26.41935483870968,0.719530747497446,1.7667190052981012,0.573927745346419,-0.1053605156578264,1.0,2.0879137753244366,2.5349170703626616,0.5233493166497453,0.8516483516483516,65.04646001112702,69.69790746050316,0.9332627388847786,1
056080,26,13.714285714285714,0.7849915345745997,1.904540306288159,0.6383839052056534,-0.7884573603642702,0.07075471698113207,1.0605536699089233,3.1780538303479458,0.8714497135088193,0.5952380952380953,98.72756968060268,102.58802215567238,0.9623693644350445,2
058470,23,15.147540983606557,0.8025178523415213,1.8028080532330046,0.8083068950944313,0.6570607907855245,0.9688888888888889,1.694440287141204,2.9299808959912106,0.5302784283871838,0.790909090909091,44.16048516659615,45.194984210646346,0.9771103129668425,1
058470,24H1,18.74380165289256,0.5116187780770283,2.1258651526501966,0.5077202382818653,0.078331843269907,0.8091603053435115,1.4397536528839372,2.646962509122372,0.6222963719206059,0.45,62.99252664865564,65.59524159500718,0.9603215891417702,2
058470,24H2,22.53658536585366,0.5234566360734098,0.1740007675764866,-0.24930111685707934,-0.7339691750802004,0.27741935483870966,0.8080755648277521,2.806111414278425,0.6545153100024885,0.8454545454545455,47.86747174098925,55.454130674903524,0.8631903729878916,3
058470,25H1,21.35593220338983,0.5402843938295165,1.529333398926904,0.4008733633418445,0.058840500022933395,0.0,0.8401058430288786,2.6100697927420065,0.4855168829182111,0.8545454545454544,49.7474453490219,51.46963088600885,0.9665397729235494,3
058470,25H2,24.387096774193548,0.7923984277230193,1.988655926121628,0.8116025261954103,0.5164436160702138,0.0,0.9252959452649048,2.762117422372486,0.8987862208911317,0.9020979020979022,43.65985373504614,44.08073344623487,0.9904520710459122,2
058470,26,22.285714285714285,0.6611374455477667,1.9592103329325077,0.2777486903630704,-0.10232561196267229,0.0,1.2604917698199096,2.697740831443349,0.6785224187408575,0.6208791208791209,78.332924555915,77.43599376489013,1.011582866667252,2
058610,23,23.40983606557377,0.49184322995795426,1.8193038133259058,0.39125114705666036,0.0011461319306225416,0.5900900900900901,1.0532891255079266,2.494662824733365,0.5694192345547622,0.6397058823529412,60.27167699134526,68.3146092676455,0.8822662917562869,3
058610,24H1,18.74380165289256,0.43250748045387866,0.8766459387061164,-0.4385229091020276,-0.4034053751451539,0.21764705882352942,0.7305300879440013,2.984558972955866,0.3380253559572738,0.6166666666666666,31.364903364701963,37.57949996038565,0.8346280125537916,3
058610,24H2,18.439024390243905,0.44104639027589176,1.540232210658242,0.03997373355817004,-0.1546189542446189,0.3836477987421384,0.8995361197278731,2.8134107167600364,0.39686269665968854,0.4666666666666666,50.036958379253925,47.543779881519946,1.0524396357198993,3
058610,25H1,12.813559322033898,0.49450462140331236,-0.17181990335231645,0.672976388976238,0.0,0.0,0.7778395213118208,2.995732273553991,0.7021395872616784,0.5428571428571429,52.985784763930766,60.64210833629072,0.873745755508667,3
058610,25H2,24.387096774193548,1.5476240626369608,3.318944400780988,1.302719616654866,0.24981179839637108,0.9880952380952381,2.384620678997869,2.644992065135073,0.6223076465302222,0.8461538461538463,53.44375208216405,48.067489197641315,1.1118482153793579,1
058610,26,25.71428571428571,0.6634493351232406,2.4683977212550268,0.4685561450868122,-0.2696635669491026,0.15668202764976957,1.166930799185702,2.6198259676873707,0.7664019232418305,0.5071428571428571,110.71599154550185,106.51180901032073,1.0394715156398644,2
064350,23,15.147540983606557,0.44734738986808237,0.47857293103386617,-0.05754566336071779,-0.494101180824796,1.0,1.091334597068566,2.8699628862649575,0.5756049648551925,0.2545454545454546,41.26272466380354,42.732411138390624,0.9656072186091385,3
064350,24H1,24.99173553719008,0.6826503747861761,1.7669885644160055,0.624835184753765,0.02173998663640604,0.6153846153846154,0.8001006611172321,2.7300291078209855,0.4346837832349607,0.5524475524475525,43.4270139504309,42.83387551115353,1.0138474147435694,3
064350,24H2,22.53658536585366,0.5645712556451978,1.0489469441059682,0.46048478910801577,0.20671300991811378,0.7290322580645161,0.9672027219136131,2.7019711550258276,0.563138724544405,0.7181818181818183,51.12416349306591,52.23454362042199,0.9787424173660827,3
064350,25H1,14.94915254237288,0.7317561192764114,0.836277107925047,1.4592192814619669,1.1904198379212325,0.0,2.0557094107194946,2.995732273553991,0.7648529270389177,0.9642857142857145,68.22961405844168,68.0667522789488,1.002392677394471,1
064350,25H2,22.35483870967742,0.48925554313737896,0.8457053362525232,0.1632826321399809,0.00464037955650208,0.8930817610062893,1.0885497153935912,2.6646997602285962,0.5042282364215067,0.7000000000000001,51.57141197970672,54.03108437281809,0.9544767161040213,3
064350,26,32.57142857142857,0.5148398560368621,1.5960634272045209,0.0996750189219286,-0.0349797188960267,0.5441176470588235,1.1909324113472202,2.348865845558052,0.5271647127160805,0.4842105263157894,72.8658088374807,75.13377542277995,0.9698142869496796,2
064760,23,17.883870967741935,0.4967241350403991,1.0377973988164346,-0.20337989929532063,-0.12062798778861475,0.31446540880503143,1.1226531258676584,2.632542648594065,0.5098541956106183,0.8909090909090911,39.23055683843148,37.91030995080861,1.0348255366241002,3
064760,24H1,14.578512396694215,0.5563787040439635,0.20192785972993327,0.6978414413264531,-0.14458122881110755,0.0,1.0338676037551406,3.1780538303479458,0.6189522209765886,0.9285714285714288,47.08737799190588,46.44303170402347,1.0138739066818196,3
064760,24H2,12.292682926829269,0.46041469155454723,-0.015742894079163783,-0.8790198249823817,-1.2791962255635236,0.0,0.8940925752492651,3.1986731175506815,0.7345804901165075,0.8857142857142858,44.35485790670181,47.06017979052033,0.942513566759397,3
064760,25H1,23.491525423728813,0.4673826641654597,1.0526738332751746,0.5604927966037875,0.5337194436318432,0.3835616438356164,1.3459280482428442,2.529358412358834,0.5926100956597354,0.5363636363636364,48.38063035277695,49.25013437398538,0.9823451441856833,3
064760,25H2,18.290322580645164,0.946792510446537,2.706378218960876,0.8540637444119211,0.09806121317621473,0.7846153846153846,1.649207799780194,2.8590212280120886,0.5668431964659105,0.8666666666666667,52.9273495741311,53.12362596818594,0.9963052899632193,1
064760,26,27.428571428571427,0.5952101306143597,1.2502969412235723,0.3972060523326006,-0.21542150522029946,0.6082949308755761,1.3377775412865958,2.6784497313259195,0.6742068997008935,0.4441176470588235,100.0573086833972,96.90512204571274,1.0325285864270155,2
066570,23,22.0327868852459,0.5399081899893805,1.4625098375929724,-0.06936385209066862,-0.062242308877220896,0.5113122171945701,1.1774282277786698,2.643511679964639,0.5843636051682782,0.6,26.752952521709066,27.379018945369456,0.9771333507270802,3
066570,24H1,24.99173553719008,0.4538170315859252,1.043928523185651,0.1731899482517867,-0.15219181534192538,0.8862275449101796,1.2934155243122232,2.5776883832389665,0.5996313560671905,0.8881118881118882,23.108706973167827,24.09140706240081,0.9592095187015178,3
066570,24H2,14.341463414634147,0.3956691661088617,0.1499803143605488,-0.21337599361330825,0.020284671171505717,0.41496598639455784,0.7895321798886256,3.0239031505206873,0.605110480338622,0.7857142857142859,31.78493231582067,32.0952167757018,0.9903323768756709,3
066570,25H1,23.491525423728813,0.5779107885633423,2.084881963707561,-0.16962152463294883,0.208638865111328,0.562874251497006,0.8679673193166431,2.625985248047906,0.4327827402716152,0.7090909090909092,29.596835621106493,29.70566279093963,0.9963364840367632,3
066570,25H2,22.35483870967742,0.5632815930452505,1.4040526196998528,0.549393100752571,0.32158362412746233,0.8607594936708861,1.6861020388904318,2.6390573296152584,0.3886134431067269,0.6636363636363638,32.87233367567926,30.857708806416717,1.0652875714752876,1
066570,26,24.0,1.0075164209486602,1.8191905679224456,0.8374155722858526,-0.2500510042341341,0.6067961165048543,1.1798218844351531,2.6642475784438173,0.796314048216918,0.7802197802197802,85.58646158386902,73.14355618510373,1.1701162214108942,2
066970,23,19.509677419354837,0.5150872015809377,0.4907977158065187,0.047283110066754744,-0.838858991741339,0.7157360406091371,0.7972698363855758,2.644992065135073,0.8431258995843673,0.6783216783216784,63.73698365952505,69.90444994327687,0.9117729087524995,3
066970,24H1,22.90909090909091,0.5240945770138993,0.8537910945959655,0.019223283130286695,-0.2336148511815052,0.21935483870967742,0.6323993621297168,2.6519607344511664,0.3923684384006841,0.8545454545454546,57.90094846906106,63.707947009793955,0.9088496990832216,3
066970,24H2,24.585365853658537,0.4897962372896494,1.4617950426213675,-0.06607052510044639,-0.39086630868701167,0.6047904191616766,0.8364566651846022,2.6567569067146595,0.6597475239647351,0.6643356643356644,65.67529037575956,59.79662604561784,1.0983109703490124,3
066970,25H1,25.627118644067796,0.32468449474805655,0.34281297265837013,-0.30985887213061347,-0.2911970145592254,0.543859649122807,0.9329533169420632,2.627081138568543,0.3416252259941644,0.2797202797202798,65.02203514804268,64.66477625834082,1.0055247835123495,3
066970,25H2,20.322580645161292,0.925162920168253,1.6856764207425432,1.0455643770448788,0.5002435144354538,0.7168674698795181,0.5419723026332097,2.714694743820879,0.6041067846707696,0.8181818181818182,67.0074561119857,69.03102391807019,0.970686110516249,2
066970,26,20.57142857142857,0.6583055087399948,1.1445410288151239,0.3271203918978468,-0.4183685129440723,0.4597156398104265,1.6588203356496025,2.782951509275328,0.9722574224465307,0.4755244755244756,89.70113950398313,90.47075511509075,0.9914932111473086,2
067310,23,22.761290322580646,0.7135077505093771,2.571251298608179,0.5867503858706543,0.011299555253933247,0.4233128834355828,1.2619207158201442,2.5370924029585704,0.5907670552393135,0.7890109890109891,67.81264632186334,69.55953148843727,0.9748864730800507,2
067310,24H1,22.90909090909091,0.5147911444945903,1.5365353494797482,-0.10450709284404656,-0.29739088657874174,0.9763313609467456,1.4084685684980593,2.7611600264161584,0.6778345211016428,0.45454545454545453,57.99056095527118,63.16008417234935,0.9181520530756144,3
067310,24H2,28.682926829268293,0.3917268494983314,0.7913192676012465,-0.45149732311344265,-0.44685032427101884,0.3783783783783784,1.1503842176364034,2.5649493574615367,0.5620367409109647,0.3230769230769231,53.59964321247439,55.779772542535724,0.9609154137658262,3
067310,25H1,23.491525423728813,0.39656307533923835,0.027081746107092294,0.41498521166706276,0.167506471008814,0.35526315789473684,0.7737996856719555,2.507379505640059,0.48492217921050035,0.7636363636363637,60.70912224299653,61.86671067009301,0.9812889934738994,3
067310,25H2,24.387096774193548,1.61239508995705,3.315043075485876,1.1341053080508203,0.4008884410807527,0.7368421052631579,0.6463436458354408,2.719100037288795,0.8248748284535569,0.9300699300699302,61.459426998171736,59.63887694089201,1.0305262297122741,2
067310,26,25.71428571428571,0.7246406771598856,1.8047655370371358,0.44559051198212696,-0.06385147198653278,0.635,1.466893503499713,2.5952547069568657,0.6988108247268143,0.5,101.95056259311679,93.93432298051769,1.0853387703050958,2
068270,23,20.655737704918035,0.5739809163201578,2.380002489048289,0.2824871147479135,0.11291210542178698,0.8928571428571429,1.4651605911531882,2.559807957961118,0.6634998091337065,0.7142857142857142,29.51353214605866,30.441530326871142,0.9695153899673262,3
068270,24H1,29.15702479338843,0.7012195827665697,2.384731071913506,0.1923022271395179,-0.08994823666293965,0.0,0.91000016233582,2.5427262206768266,0.5816041852302264,0.665934065934066,31.022125661868067,35.71524506237845,0.8685961865216487,3
068270,24H2,22.53658536585366,0.3971910917740673,0.4265437961797081,0.16775483860434368,0.18058393689541388,0.0,1.108314780742474,2.6519607344511664,0.48322449975116466,0.8636363636363636,33.533618125821775,34.537580885863974,0.9709312947145897,3
068270,25H2,24.387096774193548,0.7043691384637938,2.1386161439105633,0.5595343602856612,0.06831924397747723,0.0,1.0327749761073504,2.8381033293504077,0.8969871876554424,0.6293706293706295,26.433886805023135,25.37392911186711,1.0417734946953996,3
068270,26,25.71428571428571,0.4423096178197047,0.5789189198995061,0.13080540925095718,0.06713930283762852,0.33658536585365856,0.8380547825893928,2.5902671654458267,0.5020493715050058,0.657142857142857,46.140501907242985,48.25241298971132,0.9562320109686816,3
069960,23,24.387096774193548,0.6982055325591565,1.3827183867565227,0.06969184894058755,-0.3178351106224685,0.7282051282051282,0.6170198545667804,2.512305623976115,0.8065525245458594,0.8214285714285712,31.847367225535145,37.213251913058045,0.8558071543959849,3
069960,24H1,18.74380165289256,0.5229816681463586,2.5759769532597234,0.17022583967393445,-0.7642431022436755,0.10191082802547771,0.8717678922091762,2.7444178452730847,0.6241933570126932,0.7999999999999999,25.10165076953085,27.331176165757025,0.918425559781817,3
069960,24H2,30.731707317073173,0.5103168015412756,1.3497126183993766,0.06081826964366016,-0.02472853277572356,0.875,1.5712798013984732,2.506885556506776,0.5123253013669536,0.8571428571428571,29.007936071129937,27.063260985101895,1.0718566431110637,3
069960,25H2,14.225806451612904,0.638172148967358,1.3909877312784011,0.8337104221239069,0.818835395723442,0.0,0.8181223594529796,3.18398856586776,0.744191156765339,0.8571428571428573,38.97905073734756,38.678648800980724,1.0077666088573194,3
069960,26,18.857142857142858,0.8321635713602448,1.510683467810416,0.666472558396028,-0.061300525863795856,0.8309859154929577,2.286939467900666,2.8903717578961645,0.6402160129283526,0.7181818181818183,69.88879195493821,64.2668174783953,1.0874786506805454,1
071050,23,19.278688524590166,0.6434582520883587,2.52506206758713,0.26482208259289153,0.2950081125438539,1.0,2.0521790085792326,2.837406222316252,0.6735771930095005,0.5780219780219781,28.212453416020228,29.086766151648973,0.9699412189354306,1
071050,24H1,18.74380165289256,0.666501311032727,2.0641462554911856,0.4456792028997839,0.4527179929587099,0.33974358974358976,0.6966083456962767,2.7444178452730847,0.6872193304639105,0.8833333333333333,37.0515395983787,36.990116743525995,1.0016605207082365,3
071050,24H2,22.53658536585366,0.35498257634002744,0.25906101732693576,0.23327872812731,0.3867729750960119,0.28859060402684567,0.8637311197449481,2.7140925155581725,0.43599644692060446,0.8363636363636365,34.24436080766066,37.19394926990095,0.9206970886356715,3
071050,25H2,14.225806451612904,0.34642678824478407,-0.05496118161272947,0.5495465280160726,-0.33802382731263175,0.7643312101910829,1.149667096294186,2.9368917735310576,0.49881248635250625,0.4642857142857144,49.50710270031309,48.908188864423046,1.0122456760267748,3
071050,26,25.71428571428571,0.4528836851224522,0.8701890441641267,0.3165812033431062,0.15415067982725816,0.13756613756613756,0.9350001550902816,2.6718471524382497,0.7625499862314562,0.8321428571428571,81.08499259148175,78.89553109335571,1.0277514007166677,2
078930,23,16.258064516129032,0.39689607935654325,0.4508979445870392,0.3163497770815818,0.47184017705303705,0.21893491124260356,0.9362081602078602,2.8735646395797834,0.43685466219197283,0.7212121212121211,22.962184908730755,24.368290873253898,0.9422977191204471,3
078930,24H1,24.99173553719008,0.6403861698424052,1.5283172522611932,0.4733136270680365,0.13192754304254806,0.21951219512195122,0.9974346968942012,2.6330871626287546,0.6192375883861547,0.3426573426573427,38.703516097708516,36.81710834846904,1.0512372599006112,3
078930,24H2,24.585365853658537,0.4884610014350885,1.2375311899647568,-0.46467970207683645,-0.15790302944580878,0.0,0.7262343381033601,2.6210388241125804,0.6637552254021698,0.7412587412587414,31.04694988336406,34.53855148701247,0.8989071210771142,3
078930,25H2,12.193548387096774,0.7375348312338112,1.1636137263836233,0.941943272332111,0.49401850544960957,0.0,1.0396271252584888,3.455264602932431,0.5683040815319493,1.0,33.470631897954334,34.20056737055479,0.9786572115985157,3
078930,26,22.285714285714285,0.577406974613233,1.8801765095844896,0.5837161604986917,0.26492008033668474,0.9470899470899471,1.2974611234363533,2.6499864001474487,0.579639375209281,0.6263736263736264,62.92231646692281,63.563597527779116,0.9899111899609513,2
079550,23,15.147540983606557,0.727804813091995,2.2796285394837663,0.674253518326866,0.3443774161283263,1.0,1.5316440222850474,2.9103724246028344,0.6772089048395921,0.7454545454545456,37.68454078764937,36.86731889449835,1.022166566966522,1
079550,24H1,14.578512396694215,0.9018757724053461,2.4755385968742054,0.7372478957667118,-0.15700374880966467,0.3181818181818182,0.5961418081270918,2.906120114864304,0.44731821697711277,0.39285714285714296,52.42364589420519,59.39841672742588,0.8825764857466267,2
079550,24H2,20.48780487804878,0.6065219844562477,0.893091271924898,0.4065986391628494,0.24116205681688804,0.7116564417177914,0.7607121427293013,2.8622008809294686,0.4166598638900449,0.9151515151515152,57.25231043455137,57.234498760067275,1.000311205214861,3
079550,25H1,14.94915254237288,1.0012781728254778,2.2134234004137565,1.2909888691067752,0.4906229164484712,1.0,3.3480488624102205,3.016934481204594,0.7401473834424808,0.8571428571428573,60.970452012412565,60.76012842233888,1.0034615395907616,1
079550,25H2,22.35483870967742,0.45663900246005096,0.10752965615162836,-0.13614807873945997,-0.453667209926042,1.0,1.7497092251065323,2.6519607344511664,0.516063464133828,0.5636363636363637,53.97709271885506,53.31238269641899,1.0124682107386043,3
079550,26,18.857142857142858,0.5780573498365158,1.2899317912838948,0.637266339649846,-0.24294617861038934,0.25252525252525254,0.838141627302163,2.8903717578961645,0.6435817981144258,0.6363636363636364,94.21272917867933,92.55006386377002,1.017965036927005,2
080220,23,21.13548387096774,0.9509586215131021,3.1052162915167987,0.6587166160852822,0.0473827044015522,0.9659863945578231,1.6576423598062022,2.445685936634719,0.5545034482075598,0.5604395604395606,47.61866424015995,46.96153933850537,1.01399283138736,1
080220,24H1,14.578512396694215,1.6327954954674226,2.629036925354815,1.3719929485471503,-0.5240708505160112,0.0,0.25840751542909934,2.9667447366807385,0.7759704828867002,0.8571428571428573,73.66052353700407,106.42124263056448,0.6921599646483414,2
080220,24H2,16.390243902439025,0.5110056218991731,0.8723920112682909,-0.47041984593444625,-1.0009738191041937,0.0,1.3656386528540674,2.995732273553991,0.8791229395580251,0.4761904761904762,54.0628790362473,58.15663872189969,0.9296080417365864,3
080220,25H1,21.35593220338983,0.9322125846271113,2.2666138590133023,0.8839619372034901,0.5007752879124894,0.28735632183908044,0.9105402742129447,2.766319109226186,0.43618970778364025,0.8666666666666665,76.33730608835613,78.93262193079443,0.9671198576842692,2
080220,25H2,18.290322580645164,0.6320190233123046,1.5127143919596868,0.47581556119360047,-0.1423162221802555,0.44654088050314467,0.7487535993308919,2.9147632110203237,0.5057819988851758,0.8833333333333333,62.769318603368035,62.719525970296516,1.0007938936447813,2
080220,26,22.285714285714285,0.6725788122340504,1.0276449099163676,0.9339398320408813,0.13058588239476576,0.6619047619047619,0.9263380529962568,2.7233176732329984,0.5718493678290175,0.6703296703296703,127.93041500580644,115.01999976051287,1.112244959765039,2
082740,23,19.509677419354837,0.5887899435321758,1.0960482243461656,0.2518229030414241,-0.1041402592525969,0.0,0.7891171393745692,2.6683849447097785,0.8134789210598343,0.8741258741258742,47.59400893830921,47.913241457090535,0.9933372798609916,3
082740,24H1,24.99173553719008,0.6941517962894875,1.926969470961818,0.5405155970507934,0.29546421289383606,0.7419354838709677,0.7009883935954131,2.5257286443082556,0.6557161248311928,0.7902097902097903,49.9308650964439,47.088757884135,1.0603563852608322,2
082740,24H2,24.585365853658537,0.3778140021817552,0.6521439873482329,0.35353711860980075,0.280902385466402,0.7142857142857143,0.7558018817480178,2.662587827025453,0.42938892202092804,0.6223776223776225,59.16249276065745,62.06044990854602,0.9533042839335023,3
082740,25H1,19.220338983050848,0.7583044364704689,1.831085553391368,0.7758301801713637,-0.02247285585205863,0.0,0.464629700192038,2.7444178452730847,0.39118149136132896,0.7,67.38392147847284,70.91366291147878,0.950224804528683,2
082740,25H2,18.290322580645164,0.9928098544459112,2.912452110394709,0.8206691615194591,0.21158272891313396,0.3503184713375796,0.643427288489056,2.9560670171615597,0.6333041993869993,0.38333333333333336,61.36892444286539,60.92745064105727,1.0072458932248616,2
082740,26,29.142857142857142,0.7722974803472067,3.1361951246222435,0.3049230272715636,-0.2486226366151946,0.576036866359447,0.84937769173852,2.460091480668276,0.5608054835088344,0.6568627450980393,87.0628062018293,77.50134341557889,1.1233715747994173,2
084370,23,22.761290322580646,0.38883852542659547,0.7108125386651525,0.3995788916508292,0.0425596144187959,0.3693181818181818,1.310479426519234,2.597384633214691,0.4911197340443672,0.43736263736263736,52.585402797228156,58.52440943155091,0.8985208617736006,3
084370,24H1,18.74380165289256,0.6826266139773457,2.324568431618305,0.4161529313424334,0.47000362924573563,0.6753246753246753,0.7082229518057236,2.8526314299133175,0.46513025470953173,0.6333333333333333,56.270824859464206,52.38000676363937,1.0742805955215287,2
084370,24H2,24.585365853658537,0.4758576605226266,1.249783344592402,-0.17538594625115592,-0.3508609740733125,0.21374045801526717,0.6975490191218694,2.6330871626287546,0.6123774260140737,0.5454545454545455,59.581512546796155,62.09471255276129,0.9595263444720886,3
084370,25H1,19.220338983050848,0.37230643178134865,0.7236412304964991,0.2510310544465918,0.23693687344654563,0.3793103448275862,1.0059787034382717,2.779509165084355,0.42375929272270435,0.7999999999999999,54.73030261008513,58.189901844816355,0.9405463985150302,3
084370,25H2,16.258064516129032,1.1496037428728973,2.2725480357876533,1.2421683912442285,0.4737843520856415,0.70625,0.9357476090672779,3.068052935133617,0.8082859161387334,0.9523809523809524,59.991322625681356,54.49195257274182,1.100920774413403,2
084370,26,32.57142857142857,0.44901796314623066,0.7539111036759174,0.4527027020656647,-0.14703321205839429,0.981042654028436,1.337107586270764,2.3130563928613412,0.7019881069336109,0.5543859649122806,111.18359850890951,101.34734533067527,1.0970548675561318,2
086280,23,13.006451612903225,0.45713669157714193,0.13308728645221704,0.20281120597059898,-0.04652001563489282,0.3806818181818182,0.7898284838801927,3.068052935133617,0.5250430901033465,0.7380952380952381,27.874060744467048,26.95570160007106,1.0340691983470232,3
086280,24H1,20.826446280991735,0.3411245788026558,-0.30656911906031425,0.1750379531662009,0.08004270767353636,0.25766871165644173,0.7453251614722627,2.8622008809294686,0.5619854663593117,0.6848484848484848,29.06788842095358,32.63791594434857,0.890617172693186,3
086280,24H2,16.390243902439025,0.6284588686954403,2.230655323072557,0.5561019103462215,0.25995752443692605,0.0,0.6834198169769164,2.9109910450989003,0.3966633942071633,0.6904761904761906,43.69874954381285,46.20545991889626,0.9457486111060598,3
086280,25H1,25.627118644067796,0.3484256889663019,0.36228227953477776,0.07497722395449179,-0.1941560144409575,0.0,0.7327931298954443,2.5585184671312464,0.4194676139809671,0.5664335664335665,39.965081965970185,40.11300545254011,0.9963123310033466,3
086280,25H2,16.258064516129032,0.591068785962841,1.0104642160615978,0.8113825965779469,0.3474013071534032,0.0,0.9875859849931199,2.976804263668472,0.493232690625597,0.7857142857142858,40.01202985608801,39.828326771589076,1.0046123726349956,3
086280,26,22.285714285714285,0.6732076384046202,2.6873566116210923,0.32099069347864784,0.1517848329338728,0.0,0.7224398742418179,2.8466966943935033,0.668945569502843,0.521978021978022,75.30004686430452,72.44809200591654,1.039365492995386,2
086520,23,20.655737704918035,0.6263754500697198,1.7148902690844674,0.3722722234346995,-0.48117692984386073,0.3593073593073593,1.209153910193776,2.662587827025453,0.8324894643069237,0.6357142857142856,72.79151480046818,87.44579829202628,0.8324186664450137,2
086520,24H1,20.826446280991735,0.5758703783766685,0.6453237909517804,-0.10831108144852529,-0.5776342934381011,0.0,0.9445043429207748,2.72785282839839,0.556345288576376,0.9515151515151514,50.22080335005439,60.642381136461886,0.8281469561204052,3
086520,24H2,24.585365853658537,0.34350672386967773,-0.14511147657213522,-0.07686658895119206,-0.20935022918187393,0.6558441558441559,1.1700237013666621,2.608843551018762,0.3050931353886523,0.30069930069930073,51.07534375605308,51.16763385430444,0.9981963188191553,3
086520,25H1,25.627118644067796,0.428316010576363,0.5568576921900832,-0.21788507316696984,-0.4663738611951568,0.0,1.0041166381606883,2.7024791560527546,0.4460249904785476,0.8741258741258742,52.70280991290002,54.59705224778122,0.9653050438275598,3
086520,25H2,16.258064516129032,0.9703049874901284,1.9503378750800233,1.2299910500239555,-0.35667494393873245,0.695364238410596,1.2020273878681504,2.833213344056216,0.5326697140080834,0.8095238095238096,53.62269602945952,53.35552053982567,1.005007457277723,2
086520,26,27.428571428571427,0.6582091280830251,3.3372575265708084,0.22790407838787222,-0.3813675565291038,0.11594202898550725,0.9235680221852487,2.5601300710255877,0.6747070510495728,0.17352941176470588,88.61369030291485,82.95295827433033,1.0682402670904652,2
086790,23,23.40983606557377,0.5697963064072925,1.5633050628107297,0.1469922125869939,0.029054920047698978,0.6190476190476191,0.9254970764943924,2.4799926349855714,0.5132262646896197,0.32843137254901966,21.17079195271262,21.074941576015,1.0045480731869123,3
086790,24H1,22.90909090909091,0.8062486867379847,1.3975191056722456,0.693883849421251,0.3360228993860634,0.2789115646258503,1.8043689447943545,2.55793178480289,0.6410926622779747,0.9363636363636365,46.330487874383934,44.98149553052526,1.029989939817435,1
086790,24H2,24.585365853658537,0.3765963588848238,0.7985224809196255,0.1673864944956176,-0.2285343999490861,0.36774193548387096,1.0970686347746104,2.6330871626287546,0.5029551272006062,0.3706293706293707,38.2146135653814,38.994966756873886,0.9799883611554835,3
086790,25H1,14.94915254237288,0.7719950873834499,1.9744458201202324,0.6088302110744179,0.7772302977704868,0.9770992366412213,1.5136125238813274,3.0647251450409425,0.6999259220062479,0.4642857142857144,27.966643279011038,31.700751218031826,0.8822075882890505,1
086790,25H2,20.322580645161292,0.7852244688959099,2.458139302951865,0.6430534473149746,0.06899287148695142,0.0,0.7591370206263567,2.856470206220483,0.3396806170007893,0.6727272727272726,31.22285734658986,33.034267881201345,0.9451657127342514,3
086790,26,29.142857142857142,0.5159763766377143,0.9831880399551634,0.3866320105821056,0.4575811092471783,0.14736842105263157,1.1939394822995801,2.582887058148204,0.6989039037426151,0.6936274509803922,57.587621897329285,55.02139915630646,1.0466404486322245,2
087010,23,27.638709677419353,1.0860099060736574,2.53297746997384,1.0855359026676248,0.3662443949548832,0.20320855614973263,0.5609898143132542,2.348570206235869,0.5751365909242097,0.5392156862745099,114.2234168654524,128.29469189670476,0.8903206763801131,2
087010,24H1,16.661157024793386,0.6259226328417924,1.870295407014358,0.598516010698767,0.1967102942460543,0.9248554913294798,1.4081692359619367,2.9509963797125995,0.5026430936954163,0.6904761904761906,81.6268487949499,91.08558103967431,0.8961555480377903,2
087010,24H2,20.48780487804878,0.8111487564133184,1.6095297623029095,0.9340734977923583,0.08223809823697201,0.673469387755102,0.6525712320242423,2.681021528714291,0.709013476956858,0.7939393939393938,114.48691610955935,114.26855143242167,1.0019109779059974,2
087010,25H1,25.627118644067796,1.0130936600046812,2.486117422407599,0.8767438070073124,0.251314428280906,0.7266666666666667,1.0742181160023712,2.6855773452501515,0.5291999546825974,0.7622377622377624,75.10604314882207,77.55095442747573,0.968473485636594,2
087010,26,24.0,0.565714061067399,0.8125779657040592,0.19968361129886159,-0.5162164724008672,1.0,2.0191722183778027,2.649209701079277,0.7199296915136945,0.5824175824175825,96.35930467654929,95.0368098394533,1.0139156063774668,2
088350,23,14.632258064516128,0.9023784992320981,2.546620084598788,0.4166910830213241,-0.08223809823697212,0.5172413793103449,0.7296386576350228,2.908720896564361,0.5495302276257242,0.7166666666666667,33.93851198437202,36.62876804355328,0.9265534659537984,3
088350,24H1,16.661157024793386,0.6954952023783961,2.049887738200246,0.2686200649244622,-0.2995165300987837,0.25748502994011974,0.9212605737154417,2.917770732084279,0.2771329489563916,0.7142857142857144,31.312131321673352,42.2504193943432,0.7411081776354072,3
088350,24H2,34.829268292682926,0.40598289710275093,1.3124485032958166,-0.057738072806771776,0.160596644133084,0.0,1.0381802886497749,2.403228618773733,0.5139864194551611,0.49509803921568635,30.14123689620614,31.276132300703,0.9637136908878164,3
088350,25H1,19.220338983050848,0.44580520230648274,0.8162071163772816,0.5378275534022391,0.22314355131420976,0.9779411764705882,1.0011098226289148,2.772588722239781,0.6327642728536433,0.7999999999999999,29.86464112039782,29.04946836501624,1.0280615378270839,3
088350,25H2,18.290322580645164,0.49061911135790914,1.0128320474580026,0.20286655734574513,-0.4274440148269396,0.07471264367816093,0.7595826750491684,2.920769235080536,0.6562420763212394,0.9666666666666667,31.98855386222078,37.58967086206801,0.8509931885171318,3
088350,26,24.0,0.9548285598082897,3.014724429863637,0.5435096773401018,-0.12783337150988502,0.19902912621359223,0.8730928184337212,2.597384633214691,0.6173457017181578,0.8681318681318682,75.55309932440944,77.79069775102982,0.9712356555306672,2
088980,23,16.258064516129032,0.49717731934962617,0.879608825585479,-0.3416580006542387,-0.011049836186584935,0.15151515151515152,1.0787502874428792,2.89591193827178,0.6429603754686118,0.9272727272727272,12.308043126288059,12.58184811872104,0.9782380942887416,3
088980,24H1,22.90909090909091,0.49977717638575625,1.566329733001707,0.16263163471551875,-0.048790164169431945,0.35260115606936415,0.857508235550154,2.6127400212978853,0.7089272020297837,0.5909090909090909,5.9078792001019425,7.267440350846469,0.8129243467975389,3
088980,24H2,28.682926829268293,0.4099484749343051,0.14455614966945085,-0.37105325376800413,-0.5520685823000399,0.9370629370629371,1.2632873749880196,2.4107986776342782,0.5405940677514877,0.6923076923076923,13.944484720050788,17.717842602675045,0.7870306240301201,3
088980,25H1,12.813559322033898,0.570151526698863,-0.1403344247023185,0.39848903331992824,0.5625269981428812,0.26380368098159507,1.6415763685572706,3.1135153092103742,0.8072510891833187,0.942857142857143,12.126051078125887,13.329904024761362,0.9096878008724427,3
088980,25H2,16.258064516129032,0.4332777108074687,0.28522907831380223,-0.09264109199443278,-0.259957524436926,1.0,1.761224227680804,2.9109910450989003,0.6149814664752724,0.8333333333333335,10.047236392639117,9.59565781551041,1.0470607211939942,3
088980,26,25.71428571428571,0.5465923930606245,1.5544035934213558,-0.391874273966112,-0.24595822908038115,0.8578431372549019,1.3680219669452693,2.70359585075283,0.5251265596100351,0.6142857142857142,14.42776591342391,12.291228345299908,1.1738262041922767,3
090430,23,14.632258064516128,0.5471032942441494,1.272781860646014,0.6319956696392923,-0.31281804572332333,0.8116883116883117,1.3755469811233008,2.80672172860924,0.5344111183887381,0.7166666666666667,34.52505777813342,44.447190043732014,0.7767658145354945,3
090430,24H1,22.90909090909091,0.7162299867567642,2.6128679853714347,0.5200728175848617,0.26662866325394863,0.9107142857142857,1.4020997693772514,2.6390573296152584,0.6608590574983072,0.39090909090909093,43.851158822848156,39.44160981523697,1.1117994176269068,2
090430,24H2,20.48780487804878,0.44684885190900564,0.2963024618486921,-0.2982545575859074,-0.3756121449584833,0.294478527607362,0.8782546131663272,2.8154087194227095,0.5026216027826128,0.9878787878787878,47.796104469980854,52.197403873312666,0.9156797258726866,3
090430,25H1,21.35593220338983,0.6940948495432616,1.784657416000318,0.5717527490001587,0.1931912290308587,0.9248554913294798,1.2975990360114757,2.6026896854443837,0.8952107155695457,0.7212121212121211,37.00069097261678,38.62091092761905,0.9580481165232279,3
090430,25H2,18.290322580645164,0.40930494303837983,0.6079274383179906,-0.1656683879226642,-0.2668789448220176,0.36046511627906974,1.3934464989585063,2.990161228504536,0.5167069276916646,0.7833333333333333,30.365376348679035,30.04957328738869,1.0105094025219614,3
090430,26,18.857142857142858,0.6259524029289307,1.0012253741623767,0.23879155692011503,-0.08994823666293952,1.0,1.8132635832871178,2.875104285765376,0.5590543344339987,0.9454545454545454,51.90566066779327,50.45914136209178,1.0286671407133419,1
095340,23,26.16393442622951,1.0266525712336447,3.27150972365701,0.6586910885830567,0.04209221548530446,0.3648068669527897,0.6975489217452643,2.497978731355353,0.6039611819958747,0.7333333333333334,74.26785740691547,89.6562563733464,0.8283622405295333,2
095340,24H1,20.826446280991735,0.48350385106521204,1.8114092905688828,0.10780294057320272,-0.32850406697203594,0.4166666666666667,1.068061280860397,2.5572273113676265,0.425298193002952,0.3939393939393939,61.90790480174111,63.13407576923205,0.980578301772044,3
095340,24H2,14.341463414634147,0.41275406041669027,-0.22677679196420003,0.21038540989795046,-0.3761947258080512,0.0,0.8506471991831702,3.0845277723371223,0.9121414016352398,0.8928571428571429,60.073548744488924,59.302049192793184,1.0130096609172403,3
095340,25H1,21.35593220338983,0.6278810217179033,0.9987411807370823,0.33991525931883076,0.13036181786324344,0.0,0.7507239680804032,2.8273136219290276,0.590696030883714,0.7454545454545454,59.33730096351308,61.82628398471809,0.9597423157144586,3
095340,25H2,20.322580645161292,0.6539273244213033,1.431359911153295,0.9161576581940043,0.179971379449001,0.6037735849056604,0.9019874227622148,2.747270914255491,0.44122767518428396,0.7333333333333332,56.37169840701188,51.95642480511033,1.084980319921229,2
095340,26,29.142857142857142,0.4735990555639254,0.8612310420410426,0.384994781702212,-0.09737416402517636,0.4413145539906103,1.358169198856871,2.444901315174301,0.7385942034259706,0.4093137254901961,102.54893637183199,97.83884550449945,1.048141316907873,2
095610,23,17.883870967741935,0.33056310672514366,0.24542465773149305,0.10938302098251523,-0.40546510810816444,0.10493827160493827,0.9545983899606373,2.6390573296152584,0.5837947640486443,0.7000000000000001,42.61443793050535,44.31891083059629,0.9615407313007741,3
095610,24H1,20.826446280991735,0.630738714325715,1.2354893570075542,0.3948158495870843,-0.12361395596717664,0.5,0.8526836181058152,2.785011242238338,0.6198847815306351,0.6484848484848483,37.996003561043416,37.00586141459182,1.0267563599008986,3
095610,24H2,16.390243902439025,0.4966462211228821,1.1597744309588391,-0.4340164716210876,-0.7233002187306329,0.25925925925925924,0.8349745791624902,2.9311937524164198,0.4603380400435218,0.8333333333333335,41.032990821854355,49.1338153274209,0.8351273058771485,3
095610,25H1,21.35593220338983,0.6119672341694328,0.9236904258072626,0.767317050771628,0.5968160716215133,0.0,0.6912764842474827,2.624668592163159,0.5344663453503123,0.7454545454545454,56.820406900504146,58.24666804062824,0.9755134295556743,2
095610,25H2,16.258064516129032,0.8973405893814302,2.5286764340696135,0.8917636714002793,0.5839478885949534,0.4370860927152318,0.6930248992135596,3.0081547935525483,0.6592440664347978,0.9047619047619048,66.96647406983266,63.12538452268079,1.0608485726652765,2
095610,26,32.57142857142857,0.6544736647971028,1.1095869735014738,0.7470732830808554,0.23797281134333187,0.8246445497630331,1.561411802040122,2.3538783873815965,0.5148813239745424,0.6736842105263158,110.7536086001866,103.78955890762369,1.0670977867702585,2
096770,23,19.509677419354837,0.5558716891149849,0.5470033999682853,-0.13357121975599262,-0.6531418459462461,0.6666666666666666,0.9375708738430605,2.519039656157459,0.9642796614083154,0.7902097902097903,41.4232791195156,51.11938066556666,0.8103243540940975,3
096770,24H1,27.074380165289256,0.43362136388935485,0.8977916535936199,-0.11637223301238732,-0.050160966303210604,0.13450292397660818,0.9798368390798123,2.4720032449520923,0.4932429804560398,0.8901098901098902,34.197302758891205,34.020764650854034,1.0051891281647822,3
096770,24H2,24.585365853658537,0.5580835265210474,0.9293356924868974,0.18807583815852044,0.26028309826366636,0.45625,1.1383412367043633,2.6508917872622613,0.5332127367062033,0.7972027972027973,44.69317003877326,44.177483980041536,1.0116730517963564,3
096770,25H1,19.220338983050848,0.5760107774645797,1.6988067367330788,-0.20814812682752407,-0.2917553978394166,0.6689655172413793,1.4737012203253212,2.677972745864932,0.5475868947122905,0.7999999999999999,37.45641855330902,42.80911137933163,0.8749637015682856,3
096770,25H2,22.35483870967742,0.8855434521311693,1.9628200310319524,0.4879972731681273,-0.09134977858822796,0.0,0.6290810656730828,2.772588722239781,0.4515597967047111,0.7454545454545456,36.10647670558208,39.95057501779026,0.9037786487304282,3
096770,26,22.285714285714285,0.6275751632752186,0.7837871891745685,0.38450386217423377,-0.07571182173569636,0.9345794392523364,1.6469864677743304,2.738355550597539,0.745707362160329,0.8406593406593407,62.79230690959407,61.717363173273256,1.0174172012712674,2
097950,23,14.632258064516128,0.5315232135671989,0.5879079983255475,0.26197080513281157,-0.07980599326835969,0.2733333333333333,1.0790371676342143,2.833213344056216,0.49913419848462176,0.7666666666666667,28.872023334777186,29.43872652528349,0.9807497382735089,3
097950,24H1,22.90909090909091,0.5410381940166538,1.1559189581721192,0.4112835317725019,0.3840739181268469,0.6358381502890174,1.111378798555108,2.7611600264161584,0.49441323247304414,0.7363636363636363,27.69069349902343,27.47268018375389,1.007935640564056,3
097950,24H2,16.390243902439025,0.657552135090697,2.0908331550697614,-0.4890397068544511,-0.7323678937132265,0.7388535031847133,0.9615909576003506,2.9575110607337933,0.9026541272334385,0.7142857142857144,34.074617016068785,35.667604230254234,0.9553379811017911,3
097950,25H1,23.491525423728813,0.40740444505123324,0.23037222032068155,0.015491231587657552,-0.09798040836020379,0.5107913669064749,0.917069677852521,2.6646997602285962,0.4460835643540311,0.5818181818181819,28.555191951245988,29.867936092064404,0.95604838122152,3
097950,25H2,16.258064516129032,0.5749946031184867,0.6549100384804777,-0.3673372147247192,-0.7686547330680905,0.38414634146341464,0.8555408356580968,3.001962823304627,0.6652966315333246,0.6904761904761906,20.525976798785887,22.52402183333742,0.911292705657288,3
097950,26,22.285714285714285,0.6401600247191535,0.9049838416201484,0.00860406973831602,0.18962085927556613,0.5622119815668203,1.1836815957275628,2.6714926053684125,0.6901138802020307,0.7472527472527472,38.20292340885988,35.35434634361279,1.0805721887080433,3
102110,23,23.40983606557377,0.54477401250332,0.64490208585227,0.11776820034688633,0.041242958534049,0.965,1.3922971395174204,2.3762728087852047,0.5578891090487093,0.6519607843137255,12.339706382336546,12.701091056777738,0.9715469582238492,3
102110,24H1,16.661157024793386,0.4711457432888614,0.36130569089720915,0.5004283984183524,0.8808888048232392,0.49032258064516127,0.7321101729613267,2.976804263668472,0.6016423663866671,0.8571428571428572,15.757736343615392,16.060065534662535,0.9811750960545819,3
102110,24H2,26.634146341463417,0.4528589850745475,0.33904190341136925,-0.23091235636744586,0.030278359306261073,0.12903225806451613,0.9340474781356906,2.5941059417529924,0.6004486659420478,0.5879120879120878,18.69355382050747,20.251349726097356,0.9230769342952783,3
102110,25H1,19.220338983050848,0.5782784344097395,0.8667609508038953,0.49836660176862596,0.6955028942524045,0.965034965034965,1.177060647260796,2.7300291078209855,0.44947985061163764,0.6166666666666666,18.893171423896156,19.209988136716007,0.9835077090852379,3
102110,25H2,28.451612903225808,0.9600693188707108,1.758379815895599,1.0471745102495718,0.8964881045779755,0.0,0.8268378244159943,2.531426665422893,0.918006976360147,0.9340659340659341,20.334798166141084,18.683151985166266,1.0884029730254383,2
102110,26,29.142857142857142,0.7040118353316044,1.6825065039386984,0.5621094389284196,0.7210759560849556,0.5502645502645502,1.0148519594890442,2.2966853708668573,0.9372256201310364,0.8602941176470589,63.55955243669864,60.640128330295404,1.0481434354904673,2
103590,23,21.13548387096774,0.46544877759530123,0.7180537392148849,0.5413510265269821,0.27259182672819093,0.4409937888198758,1.0131991377712413,2.4912964478867714,0.5975391405284404,0.5439560439560439,66.04232441125271,79.80051692846453,0.8275926892861476,3
103590,24H1,14.578512396694215,0.8884632020189214,2.0720341950142958,1.2163849356180156,0.437964275501119,0.5529411764705883,0.9339217658033384,3.1292636661785136,0.3439582702402526,0.642857142857143,75.20595751045573,73.98563741265701,1.0164940134392888,2
103590,24H2,16.390243902439025,0.40528556138512317,0.858777957171512,0.21152960576995564,0.28768207245178085,0.6879432624113475,0.7009273083445572,2.8622008809294686,0.38027150037068136,0.4761904761904762,65.56503556223038,74.2590379355304,0.8829233098757904,3
103590,25H2,20.322580645161292,1.0418119134012809,1.7583191380002983,1.149358487783737,0.3719424160695208,0.0,0.5186100566277015,3.104586678466073,0.6512285424415446,0.8787878787878788,61.936038396675045,60.03432992742336,1.0316770166594798,2
103590,26,22.285714285714285,0.7154792954930683,2.1554353317738024,0.3678205620321181,0.2467377612534943,0.5502645502645502,0.8830029842117028,2.6390573296152584,0.6604729288895331,0.7252747252747254,99.6503632139008,87.7983423489412,1.1349913967379424,2
105560,23,17.901639344262296,0.6348332539985648,2.685311273586686,0.29684422503865254,0.207073081281601,0.5897435897435898,0.9659275207753993,2.676797657598106,0.9578789958124098,0.2857142857142857,24.501061102993248,26.558027430451713,0.9225482264130834,3
105560,24H1,20.826446280991735,0.6524656379662676,0.7267441358450283,0.7325799497896613,-0.1431008436406733,0.18633540372670807,1.13682063584325,2.6390573296152584,0.5205526454541773,0.5878787878787878,47.21404604735918,45.22538802588254,1.0439721605116696,3
105560,24H2,22.53658536585366,0.4634673418946837,1.5304021573423485,0.36892244454804174,0.3941013494578492,0.7619047619047619,1.344664870673277,2.7019711550258276,0.5164673740741479,0.6454545454545455,41.10518129131774,43.18782969468975,0.9517769608221807,3
105560,25H1,14.94915254237288,0.7883825765485384,2.0048546666648424,0.5070068893241992,0.522521663529182,0.9793103448275862,1.5282398191330613,3.091042453358316,0.5701481127947509,0.7857142857142859,32.2025970106599,35.517877166091324,0.906658831553241,1
105560,25H2,18.290322580645164,0.4144960155415746,1.148799678202082,0.4275488964387568,-0.06698282055892717,0.0,1.1106805065197694,2.83972802507741,0.3989941392518969,0.5833333333333334,35.08155757808108,35.6683839095688,0.9835477174133955,3
105560,26,30.857142857142854,0.45540179187851687,0.8934057944607522,0.40122367449742324,0.034786116085415604,0.21739130434782608,1.1775409068253408,2.5477075510270306,0.5908904825145296,0.5087719298245614,55.8279245085799,53.689936397946745,1.0398210214813164,3
108490,23,11.01639344262295,0.4349937548818402,-0.07573337930043955,0.02962677304070141,-0.4950772667978514,0.966183574879227,1.2110666329422328,3.0504571732432377,0.7460852329049188,0.6190476190476191,60.66458501461802,63.33551395750747,0.9578288897334691,3
108490,24H1,16.661157024793386,0.700085000673623,1.467865591312731,0.09507274300951321,-0.2876820724517809,0.0,0.5630843832899628,3.1245651453969594,0.5335857160989811,0.7857142857142858,53.716523892002186,59.25557913981614,0.9065226375605188,3
108490,24H2,20.48780487804878,0.5999130043025512,0.5753726010044709,0.010647295105256697,-0.4274440148269396,0.9005847953216374,1.394815697109246,2.7212954278522306,0.5261330091974746,0.8787878787878788,49.66033682919657,50.6433000299959,0.980590459148256,3
108490,25H1,19.220338983050848,0.8130899502811297,1.5100508016420946,1.1556830439996342,0.1879553745122107,0.0,0.5678760172544974,2.7999876964278956,0.6536180001643066,0.75,91.21599911577246,88.86854602782373,1.0264148924774101,2
108490,25H2,20.322580645161292,1.2740229867672028,2.8512879443418258,1.3703375881166129,0.37037378829689427,0.7290322580645161,0.9961060591181657,2.653241964607215,0.7532248989927289,0.8909090909090909,101.78406453627866,93.3136458169914,1.0907736338573635,2
108490,26,20.57142857142857,0.43240183341540345,0.027818904518788597,0.3411894683390605,-0.3754842758962287,0.9658536585365853,1.5668178647835902,2.782951509275328,0.6162092288014156,0.46153846153846156,105.83703985580148,99.66668137396755,1.0619099421870146,2
111770,23,14.632258064516128,0.5099015108399102,1.6801753991747088,0.01777102335526193,-0.07598590697792199,0.0,0.8216085390564095,2.9789251552376097,0.276172385369497,0.65,41.27909645374827,45.69088292498305,0.9034427398026382,3
111770,24H1,14.578512396694215,0.5883538321049082,0.6629325477286926,-0.0915048041318325,-0.5086493443433951,0.5584415584415584,0.6410464732906468,3.0513021247088017,0.6707931700535599,0.7857142857142859,33.616567985493354,34.96132912772493,0.9615357546242383,3
111770,24H2,22.53658536585366,0.4089761266669938,0.7971981163283672,0.37627793539886556,0.3552615161415853,0.5714285714285714,0.9979267296649132,2.6772785424354564,0.5355123131170748,0.881818181818182,40.62546108777813,40.41738768336274,1.005148116104026,3
111770,25H1,14.94915254237288,0.7465075791339038,1.7097602756044332,0.9761135705722381,0.7444404749474958,0.9605263157894737,1.5402140695179496,3.044522437723423,0.6085806194501846,0.8928571428571429,41.85953218800988,41.0132690974825,1.0206338853046788,1
111770,25H2,14.225806451612904,1.0160190141257632,2.4809466027919966,0.8735037336330652,-0.0800427076735365,1.0,2.0516663489177227,3.030823593365261,0.4694723427618623,0.7857142857142859,41.28180728642341,42.22064867943491,0.9777634540828645,1
111770,26,27.428571428571427,0.4469611449381378,2.0619694691416317,0.17564617821633408,-0.033616610798984974,1.0,1.427643988924836,2.6996819514316934,0.569844566797468,0.4941176470588235,67.57074993614742,66.60314929677241,1.0145278511540579,2
128940,23,16.258064516129032,0.468670846679086,0.9505149523038361,-0.03819851578807061,-0.3991559389148998,0.40625,0.8902086168024095,2.580216829592325,0.4500337254534438,0.9151515151515152,38.98862781466587,42.60578131927225,0.915101814997811,3
128940,24H1,20.826446280991735,0.6573356265639841,2.493400352890328,0.18133216345513106,0.18038169197612813,0.0,0.6846477361614379,2.9391619220655967,0.6708666447218304,0.7575757575757575,36.532841427584266,38.07738254074178,0.9594367834631254,3
128940,24H2,20.48780487804878,0.40840565527375855,1.4776504735068303,0.045588870518363356,0.14310084364067324,1.0,1.4495166907254566,2.6390573296152584,0.4914230342988165,0.4424242424242424,42.29415774728661,41.60042166099973,1.016676179196935,3
128940,25H1,23.491525423728813,0.6892305310696016,2.454299760150527,0.2824101661293537,0.35364004024357826,0.8630952380952381,1.0323446567146706,2.6060510331470885,0.7801533506203844,0.4727272727272727,38.51375499355144,38.36565403834528,1.00386024841537,2
128940,25H2,22.35483870967742,0.6159792570428415,1.1787683788734584,0.7838280458100173,-0.12470347850095713,0.4658385093167702,1.2279114860313838,2.6193845640165536,0.606949216518116,0.7636363636363637,45.5503937477921,41.90111859680449,1.0870925472444528,2
128940,26,25.71428571428571,0.3622419666883367,-0.11973349258389099,0.08041124993031697,-0.40382172236443437,0.2222222222222222,1.314446628803582,2.5952547069568657,0.6785946679391933,0.5214285714285714,78.8246145164031,74.27672864700375,1.0612289468349225,3
131290,23,16.258064516129032,0.5169967145190216,1.0423736686981349,0.3597108200903852,-0.2336148511815052,0.8636363636363636,1.2404319183093266,2.8449093838194073,0.49088806818566094,0.5515151515151515,56.50360003001806,56.33558915172245,1.0029823222021008,3
131290,24H1,29.15702479338843,0.6894377296297356,1.6424490304853792,0.36105736292808555,-0.17384692980298236,0.7261904761904762,1.852168952082112,2.5142342648825204,0.6692886682750215,0.7758241758241758,64.13429666892975,59.19015039060618,1.0835298820107109,2
131290,24H2,16.390243902439025,0.31237096202174286,-0.32337765272885344,-0.07877014201504458,-0.3621146672345505,0.32515337423312884,1.34656805305877,2.8183982582710754,0.6396304187001219,0.4285714285714286,61.75990053139396,64.70549781379245,0.9544768623699451,3
131290,25H1,29.89830508474576,0.433612425205696,0.6952846863057311,0.2578419136391257,0.14884562759756517,0.0,0.7938949629911981,2.5257286443082556,0.373589655597195,0.6879120879120879,52.5284263939396,55.61491694711179,0.944502469434462,3
131290,25H2,20.322580645161292,0.7056537814648112,1.7325489009144186,0.5969677729695017,-0.16813692180199832,0.5853658536585366,1.167254820761093,2.740840023925201,0.48969021663379353,0.6363636363636362,50.202038639017246,42.929131042286144,1.1694166040669942,2
131290,26,25.71428571428571,0.7965570456124766,2.280226691703746,0.882584250349225,0.40010890890763945,0.6439024390243903,0.897076358302687,2.6438079323738566,0.601701118452043,0.7035714285714285,105.68957443834105,101.04982263563342,1.045915486852834,2
131970,23,16.258064516129032,0.4404254766831232,1.3009798724939465,0.6175923809055852,0.5238551240563247,0.8636363636363636,1.3470241200833073,2.797281334830153,0.39641962956536253,0.7818181818181817,56.665266768593256,57.030154551357505,0.9936018447497691,3
131970,24H1,14.578512396694215,0.3572617829336821,0.5439282068317494,-0.26699405363098017,-0.06090875308699246,0.743801652892562,0.7699451526331593,2.8743714165497236,0.5150358045671443,0.7500000000000002,48.03439106398217,48.583272242820804,0.988702259985797,3
131970,24H2,24.585365853658537,0.3639490546306137,-0.0015470210963195652,-0.3034480328771587,-0.5770750093071915,0.19540229885057472,1.0376106266367364,2.8282993292537872,0.581629837438691,0.6643356643356644,47.056909670677484,50.29907788762012,0.9355421937518139,3
131970,25H1,25.627118644067796,0.48378933948583014,0.626689373408052,0.28579490268277236,-0.14035735769492258,0.22285714285714286,1.0441292153698893,2.571339155560308,0.6255966875727619,0.8671328671328673,59.17524031726043,62.82567894668415,0.9418957551971449,3
131970,25H2,30.483870967741936,0.7255055645802377,2.7206236169198523,0.6277778812353855,0.06453852113757116,0.6545454545454545,0.8790342882687743,2.451005098112319,0.6265798785056245,0.44999999999999996,66.69838890214785,71.28029997178726,0.9357198121857944,2
131970,26,22.285714285714285,0.7488432341875023,1.3881873967682279,0.6542976033156596,-0.13353139262452263,0.6161137440758294,1.1475823074422689,2.7029088016017915,0.5656066662535686,0.6428571428571429,114.12628206089876,105.54521876170936,1.0813022456143935,2
138040,23,14.632258064516128,0.5146933155079834,0.08123004207107352,0.6788172937731207,0.4744579795951159,0.17647058823529413,0.7909291988240844,2.8779492378976075,0.509968978835968,0.7333333333333334,31.427239631094476,33.97440369280197,0.9250269678096763,3
138040,24H1,29.15702479338843,0.6857969824134972,1.3752069125801785,0.5366059634092053,0.15219181534192533,0.1781609195402299,0.9656198240285037,2.423537703411708,0.5767913850986346,0.9164835164835166,36.07606515382022,37.34107943250858,0.9661227179847656,3
138040,24H2,20.48780487804878,0.6976466623495284,1.4990353191601162,0.668692426841046,0.13815033848081737,0.27564102564102566,0.532481899393207,2.856470206220483,0.6514536751757689,0.6,31.858351850790683,34.592458178518875,0.920962357933094,3
138040,25H1,21.35593220338983,0.6135239974645715,1.9746631842102922,0.30571544798493727,0.47000362924573547,0.0,0.7229483477076919,2.747270914255491,0.756784397305253,0.23636363636363633,30.833178312805202,31.15856813371448,0.9895569713116183,3
138040,25H2,20.322580645161292,0.39010879560411726,0.046063625027233226,0.13503100707288224,-0.4158278951437108,0.0,1.1715338457674664,2.7788192719904172,0.4679730255261949,0.8303030303030302,30.516883931603815,30.969861834522895,0.985373589803551,3
138040,26,15.428571428571427,0.6339834822723196,1.379949366649107,0.21561567687337468,0.1287004653548571,0.23963133640552994,0.900821014580557,3.106080330722856,0.4224170656144748,0.7666666666666667,51.346309380529576,49.97868017087004,1.0273642522168214,3
138930,23,24.387096774193548,0.4505756123214355,0.797355741271951,0.08750574588925021,0.17849970883754487,0.494949494949495,1.4568667001584341,2.4159137783010487,0.8438056751958423,0.8321428571428571,18.319444304029425,18.611266965747593,0.984320107693085,3
138930,24H1,22.90909090909091,0.447964921986533,0.7794743143930317,0.5006730172090138,0.0,0.8282208588957055,1.413580786825001,2.70805020110221,0.6073622386096199,0.6272727272727273,27.300704885477124,27.20143428714185,1.0036494619102567,3
138930,24H2,22.53658536585366,0.5297235701698093,1.6549348871061627,0.620626561041811,0.2066142493629992,1.0,1.2635658079846095,2.6193845640165536,0.3924197318054574,0.4727272727272727,33.8004204151973,33.88157808900454,0.9976046666541315,3
138930,25H1,19.220338983050848,0.39921715819334236,0.10810766878660505,0.004890395100191931,0.083381608939051,0.2545454545454545,1.0740261623686602,2.662587827025453,0.5415409777765124,0.7666666666666667,33.26924816860297,34.18193715410749,0.9732990853798102,3
138930,25H2,16.258064516129032,1.0723858538499027,2.6238554323939813,0.952103825845708,0.7021970160798632,0.0,0.5160990276605698,3.0325462466767075,0.8132816977155461,0.8571428571428572,32.01421586038777,31.48536971990857,1.0167965675862718,2
138930,26,20.57142857142857,0.7263911631683719,2.458879944253475,0.2277232813193849,-0.1823215567939546,0.2347417840375587,1.0094554906880497,2.908720896564361,0.5017175608786927,0.32867132867132864,51.22300572068883,48.729336820767465,1.0511738731247953,3
139130,23,19.509677419354837,0.4846212604335132,0.9180372858064643,0.4576773464577329,0.3011050927839216,0.4827586206896552,0.9317255699685484,2.6741486494265287,0.4986198658491181,0.6433566433566434,20.983295743391498,21.26525023125533,0.9867410688894965,3
139130,24H1,18.74380165289256,0.6642077672742477,1.6037751077426998,0.014891286209195108,-0.6496620686202064,0.2462686567164179,0.9195843651913732,2.58189891577531,0.6601721533700924,0.7166666666666667,25.36533737477041,26.094175680038223,0.9720689277866184,3
139130,24H2,24.585365853658537,0.5246609187006526,1.1371353246148188,0.18000254745329627,0.011173300598125255,0.9281437125748503,1.4120950385821294,2.7024791560527546,0.7262413562408297,0.23076923076923078,20.247205925439108,23.986718238271436,0.8441007112483675,3
139130,25H2,24.387096774193548,1.5662645356892126,3.329139621589112,1.0166711718916641,0.4985555311741764,0.0,0.4445223554894851,2.8949907037524594,0.8729172694016212,0.5524475524475525,29.41503091878759,28.985744219058994,1.0148102700584216,2
139130,26,18.857142857142858,0.6495363715930191,2.808942121370782,0.29547751436731823,-0.07490130817311771,0.2300469483568075,0.7494979643594974,2.925114706340038,0.6043546122294609,0.5727272727272729,51.58717562968985,49.82664071773394,1.035333205020368,2
141080,23,17.883870967741935,0.7133093537326027,2.4316865913793575,0.4912940400039536,0.1932506273261448,0.9548387096774194,1.74632953190541,2.8115908800430502,0.6396897856678533,0.7363636363636363,49.81666330922168,49.78148823257194,1.0007065894953846,1
141080,24H1,20.826446280991735,0.744445669723773,1.8561804010020568,0.5754087064825806,0.053345980705292714,0.4251497005988024,0.5483082085117889,2.70805020110221,0.5397759022884941,0.9272727272727272,59.75180492849711,69.31434854639686,0.8620409219961307,2
141080,24H2,20.48780487804878,0.5600675848049412,1.147825651889843,0.6249126270156431,0.8086600676817896,0.625,0.850884983442849,2.766319109226186,0.667872016633945,0.8787878787878788,62.816774085152424,67.6485730325149,0.9285750056392157,2
141080,25H1,21.35593220338983,0.5455512845144054,0.7975471137506345,0.34844454434155325,-0.25489224962879004,0.0,0.6923560221811761,2.653241964607215,0.8377355126082803,0.9393939393939393,50.847494378750596,53.43432605141193,0.9515885786568654,3
141080,25H2,24.387096774193548,0.5582193697361981,1.4670361557378773,0.6674008728854,0.5764229062518039,0.0,1.3895730759086202,2.614959778036198,0.5177086836336909,0.9300699300699302,55.82243183975825,55.97516544335967,0.9972714041594756,2
141080,26,25.71428571428571,0.49120096626010434,0.5183811849172387,0.043147581978938476,-0.043017385083690816,0.9806763285024155,1.6796840298082505,2.585254623622282,0.4855537505480836,0.5714285714285713,96.55912834158924,90.73671725458206,1.0641681919202688,2
145020,23,21.13548387096774,0.5836289999003804,1.832003991888624,0.6663507186350243,0.22180932830107308,0.7393617021276596,0.7321368593618882,2.7677694358038325,0.6554014488431362,0.5824175824175823,49.22864540317745,52.36326119459771,0.9401371167511687,3
145020,24H1,24.99173553719008,0.6154676729960971,1.6306566567587433,0.6738810439827995,0.33420208808667373,0.2925170068027211,0.895763022717233,2.532373187026924,0.5479288883056088,0.7692307692307694,46.958081420359335,47.502530152539286,0.9885385319385804,2
145020,24H2,24.585365853658537,0.40192783779025554,1.474705958217219,0.30140361179250974,-0.19574457712609522,0.36809815950920244,1.0260648797284857,2.614959778036198,0.4371727396881341,0.5664335664335665,66.05821968234474,63.66545238785444,1.0375834491823508,3
145020,25H1,21.35593220338983,0.6066733340545506,2.1383465907780224,0.5464159881056352,0.42819335918572055,0.3708609271523179,0.7354544441946307,2.6878474937846906,0.5414232868553794,0.8303030303030302,48.782704108986366,50.648182122050265,0.9631679176842214,2
145020,25H2,22.35483870967742,0.531212179388214,2.1969712484327877,-0.3203643929443807,-0.5282725373697112,0.7572254335260116,0.9844328803975781,2.800601758467455,0.6598128607433659,0.8181818181818182,45.14314387587034,45.67680756303059,0.9883165283295283,3
145020,26,27.428571428571427,0.3996524408717427,0.3181599498951392,0.28399102140001337,-0.23582871084152554,0.10426540284360189,1.351781125688243,2.588703443469644,0.4620125432141543,0.7176470588235294,69.28304245564354,65.33496366796093,1.0604282694293234,3
161390,23,12.39344262295082,0.6696228730276752,1.4395639612406579,0.7499970910987045,0.13077023118319475,0.9504950495049505,1.2214009093317342,3.0757749812275277,0.39094786952532495,0.8666666666666667,36.6811157803156,36.61044235982478,1.0019304170049683,3
161390,24H1,18.74380165289256,0.6059411298632111,0.9582497740829081,0.11265752316039009,0.08288765980576765,0.3136094674556213,1.2332617874161749,3.0550488507104103,0.5122803222188618,0.2833333333333333,49.148335583939065,48.36562838981615,1.0161831288082204,3
161390,24H2,20.48780487804878,0.23353057830850749,1.0304211591887338,-0.127904159800103,-0.056352936551131626,0.68,0.8243452924042667,2.653241964607215,0.5086914580500108,0.6727272727272726,33.74946570945459,38.46017993151371,0.8775171039124747,3
161390,25H1,19.220338983050848,0.4036547513020733,0.25202865898587223,0.2442042434391155,0.34524624811510957,0.5872093023255814,0.6950444182196902,2.902641850487979,0.42753643509220407,0.26666666666666666,32.157154043541354,33.2961400459001,0.965792250969974,3
161390,25H2,18.290322580645164,1.225962247973163,2.5169827486045895,0.8836563132474432,0.5116763256463037,1.0,4.29893934749435,2.779509165084355,0.8017741919858744,0.7999999999999999,34.1300377696075,32.92574840527539,1.0365759146765257,1
161390,26,25.71428571428571,0.48977478110443656,0.45449807748707155,0.360473326035386,-0.01025650016718911,0.4077669902912621,1.3128849166787333,2.634284050862601,0.5263313239489602,0.7321428571428571,65.84165958131,63.2924951401221,1.04027593533079,3
175330,23,16.258064516129032,0.5191029306801539,1.1905170539693297,0.4868801532740368,0.18924199963852834,0.5777777777777777,0.9089288139937246,2.766319109226186,0.5113327452623356,0.6121212121212121,25.57052127124766,28.223867676526247,0.9059892699438437,3
175330,24H1,20.826446280991735,0.4513207118374572,0.7519639611652906,0.5892438768325989,0.4054651081081644,0.9096385542168675,1.257548229954532,2.740840023925201,0.5434098395050873,0.7818181818181817,39.10858428332589,41.36659263752402,0.9454146882731194,3
175330,24H2,14.341463414634147,0.711018089706825,1.8455203717882167,0.7520927211255969,0.5705448584676129,1.0,2.603493198945355,2.929287174145838,0.9335683327873611,0.8928571428571429,39.119826136086935,41.16557457141815,0.9503043876678547,1
175330,25H1,17.084745762711865,0.5280134326973382,0.9172831217736881,0.3102537721724305,0.4971735345976634,1.0,2.0546519013784565,2.970414465569701,0.6863808162855215,0.7142857142857144,36.45657504502896,39.56707560535091,0.921386645013985,1
175330,25H2,18.290322580645164,0.46560530958270907,0.923622939092122,0.5640776179781464,-0.08888755014785756,0.06547619047619048,0.7336176543057944,2.9267394020670396,0.5214622053731728,0.7166666666666667,36.67872906330901,37.71191686775711,0.972603148016285,3
175330,26,22.285714285714285,0.7088867702757975,2.5891978114091403,0.23702615396088306,0.1396104387009049,0.23963133640552994,0.9186143686874898,2.6925460145662448,0.47003585209741655,0.5604395604395606,64.9447284632212,60.72354655289743,1.069514745925563,2
178320,23,19.509677419354837,0.4421198128161566,0.7327385360693983,0.1407459681532947,-0.45874647472110114,0.0,0.8535040540005961,2.6683849447097785,0.5101135600672881,0.6153846153846154,43.44953224161543,44.06508046477936,0.9860309293283617,3
178320,24H1,20.826446280991735,0.5255652284822198,1.1969113495122927,0.7541157075234669,0.47803580094299974,0.9395973154362416,1.6136548235502344,2.785011242238338,0.6116339507321557,0.7696969696969697,51.03825593719077,44.77432059036614,1.1399001763562753,1
178320,24H2,18.439024390243905,0.3187018813797181,0.24347580479839662,0.15218411294895307,0.021309786586751242,0.14193548387096774,0.7255420807523214,2.7999876964278956,0.24345430032697934,0.38333333333333336,70.16164921203683,68.42150158420681,1.025432759988297,3
178320,25H1,14.94915254237288,0.5662385243379544,1.187981189487885,0.0048282657907642475,-0.23066238372823702,0.753968253968254,1.4648039604272116,3.0099169085459474,0.5128611078088583,0.7857142857142859,45.39444638041704,50.85940905665135,0.892547656813177,3
178320,25H2,20.322580645161292,0.6915513944751884,1.7130719152802303,0.3126788641960654,0.2795848622191615,0.828125,2.2103321244296747,2.667228206581955,0.441881111073704,0.9030303030303028,48.79848930008076,45.19968531998558,1.079620111392765,1
178320,26,25.71428571428571,0.7257153346165434,1.6246522493768139,0.5805047260631365,0.26466095615456203,0.6886792452830188,1.2719371161156912,2.7256718024520294,0.7823003815720098,0.46071428571428563,107.55051360011024,102.68175838980036,1.04741597034039,2
180640,23,14.632258064516128,0.8495255096629245,2.534307396750811,0.8676707812991741,0.028987536873252187,0.958904109589041,1.816249017637145,2.846200539583027,0.735483870967742,0.31666666666666665,45.74593869962242,52.665852000613356,0.86860720869169,1
180640,24H1,18.74380165289256,0.39747693913255594,-0.08400798875891585,0.10282275693288098,-0.2911970145592254,0.36774193548387096,1.069151750049452,2.793208009442517,0.6479390965872468,0.5499999999999999,58.038360087528126,55.55368238197494,1.0447257067221771,3
180640,24H2,20.48780487804878,0.4410659552726872,1.6299469752504065,0.30036224417115515,0.07320340402329492,0.5151515151515151,1.0577343139442719,2.797281334830153,0.36832947284794454,0.4666666666666666,55.2205560814797,56.34289772478888,0.9800801575951713,3
180640,25H1,21.35593220338983,1.1640134493134962,2.5588662242554547,0.9959903226502803,0.37371640979358406,0.8089171974522293,2.3296671824992314,2.7536607123542622,0.39726028355446313,0.5878787878787878,52.717524536064644,52.65208572486483,1.0012428531614448,1
180640,25H2,26.41935483870968,0.3938933078048445,1.1334952868723063,0.05115849718402127,-0.496436886313891,0.9341317365269461,1.0945754972939654,2.5998366164619773,0.4905251940383843,0.7967032967032966,48.031995517125814,48.919990595640115,0.9818480120764078,3
180640,26,29.142857142857142,0.5617541314791276,2.220329964794258,0.20595479861329313,-0.2231435513142097,0.2534562211981567,1.1168107094945736,2.596132284898225,0.2778085547739143,0.38480392156862747,79.46426273105797,80.06618965578656,0.9924821335033385,2
196170,23,20.655737704918035,0.8554588530161974,2.763953397656992,0.6792191498198541,-0.18382644797337483,0.6018518518518519,1.1139999781752314,2.5751535276357784,0.5179157742410033,0.8499999999999999,54.3820289289558,72.76354072426963,0.7473801905136971,2
196170,24H1,20.826446280991735,1.339119088948758,2.597066659589565,1.4260935910694787,0.3279068737622899,0.5058823529411764,0.6006444428178453,2.772588722239781,0.6594663246393506,0.8545454545454544,76.100490325112,90.46689319908974,0.8411971234342964,2
196170,24H2,24.585365853658537,0.5052500480683886,1.1406880696149941,0.3185784207472873,0.15600424847658118,0.4748603351955307,1.6315657568208561,2.6330871626287546,0.7253624934849114,0.7692307692307694,66.91365822540706,71.51850025588634,0.9356132746911136,2
196170,25H1,14.94915254237288,0.44457685558122784,1.6377673903579106,0.4574214961190092,0.3610133455373305,0.0,0.9694607993811385,2.951929650895598,0.7247391943514662,0.8928571428571429,52.808279664040626,57.74482965855432,0.91451096100372,3
196170,25H2,22.35483870967742,0.5320001996668144,0.5637829910084494,0.4097839270026611,0.051959738930711166,0.12994350282485875,0.8462728072966424,2.732003442124703,0.4339743561729918,0.8090909090909091,49.07740610556324,49.88641329350599,0.9837830155641183,3
196170,26,34.285714285714285,0.3657652194436047,0.48188857948421154,-0.014749716714375197,0.27443684570176036,0.8333333333333334,1.4732139822460184,2.3978952727983707,0.5193096096158903,0.3609022556390977,72.5375356947793,68.41588462382808,1.0602440660325207,2
204320,23,13.77049180327869,0.65533543899365,0.888571212540917,-0.32871602003373923,-0.2847365622220242,0.6422413793103449,0.8539265281454467,2.9856819377004897,0.9411963929809838,0.6242424242424242,30.782457322036162,30.81392016976066,0.99897894044149,3
204320,24H1,22.90909090909091,0.657570892778081,1.7511955074546852,0.4860507355571158,-0.0704036405899693,1.0,1.7213852666609872,2.6835090921860925,0.32519546875325706,0.5545454545454546,35.400421593596434,32.142978866127166,1.1013422788546217,1
204320,24H2,24.585365853658537,0.5299509371720472,1.7208698313833213,0.04744309649253837,-0.2744368457017604,0.0,1.0226245255331423,2.6855773452501515,0.7808277408824755,0.9440559440559443,46.826351061165795,47.17480578694202,0.9926135419115456,3
204320,25H1,25.627118644067796,0.44632225900216743,1.461086537601803,-0.19603593611486023,-0.390427230743624,0.6066666666666667,0.7058605428631646,2.627081138568543,0.46526506621135505,0.4895104895104896,43.914707957400964,46.905090620983806,0.9362460955944717,3
204320,25H2,26.41935483870968,1.2223545195687735,3.2619221966842984,0.8965265374981111,0.32297154940231043,0.8944444444444445,1.7536459980432078,2.6820747146989494,0.4736549698577163,0.8296703296703297,33.868356285797155,31.601278218805668,1.071740074920209,1
204320,26,25.71428571428571,0.49830190466948565,1.1951414806833494,0.18343354686921048,-0.18005140825941537,0.7663551401869159,1.7983102462657994,2.662587827025453,0.6131526035781515,0.35,84.95879183953741,81.07350738485387,1.0479229847086817,2
207940,23,20.655737704918035,0.6453976433775497,1.5496389468926999,-0.0617266861263009,-0.27193371548364165,0.6695652173913044,0.7134209462137293,2.70805020110221,0.6156684327197709,0.42142857142857143,21.223416061034282,23.25515503826002,0.912632748571959,3
207940,24H1,16.661157024793386,0.4352721594159447,-0.07640493860010521,0.22044281976401936,-0.5697681593994407,0.19318181818181818,0.8151682054766433,2.9639835752394106,0.6874612304432657,0.8095238095238096,24.471795741400797,25.0149420445797,0.978287125262535,3
207940,24H2,30.731707317073173,0.6236358514152686,2.155822853265927,0.43424627072424393,0.1267517056391438,0.0,0.889124035652211,2.4277482359480516,0.5897040486989241,0.7678571428571428,37.0161999163656,37.00961446257131,1.000177939000174,3
207940,25H1,17.084745762711865,0.77384903955212,1.4287927262546423,0.423196849736947,0.15180601286800413,1.0,1.5776175602200506,2.803360380906535,0.7134325220589668,0.5000000000000001,36.92150189161477,36.3721028684577,1.0151049562667303,1
207940,25H2,20.322580645161292,0.5591837785750193,1.9301802096176006,0.33226555372685757,0.0,0.8333333333333334,1.624776935667428,2.954910279033736,0.45325469089113113,0.8666666666666665,27.289564757468092,26.489456504904293,1.0302047817559286,3
207940,26,30.857142857142854,0.3364971333841682,0.1923601639137825,-0.009612165980654048,-0.20890119459866663,0.6338028169014085,1.0396336049995178,2.5077909436215884,0.5262183327587739,0.4633642930856553,48.623317300064286,44.28157823414738,1.0980484264350092,3
214150,23,14.632258064516128,0.5734149064146301,1.2334093664856591,0.4745385922640446,0.24869662573882734,0.4268292682926829,0.8863386831231654,2.9789251552376097,0.6431751173223822,0.9666666666666667,55.49758592722915,57.62964882586687,0.9630040622825945,3
214150,24H1,20.826446280991735,0.7123478808923737,0.8191037148131953,0.6458115876340413,0.15600424847658118,0.835820895522388,1.3218966741501184,2.8154087194227095,0.7295948438829409,0.9272727272727272,46.57360569861409,45.06924909585383,1.0333787811632,2
214150,24H2,14.341463414634147,0.37120683990759934,-0.012469177516164815,0.08566382020548753,0.044059989794030495,0.6031746031746031,0.9681733059198695,2.9368917735310576,0.7656888802114481,0.7500000000000002,52.094349079313126,52.87708809239571,0.9851970098709889,3
214150,25H1,12.813559322033898,0.4040556555255004,-0.7344392835541749,0.7528338191267935,0.12136085700426734,0.1487603305785124,0.7431763199797138,3.091042453358316,0.4462886439503119,0.5428571428571429,52.02971795389432,64.99881119469309,0.8004718393702307,3
214150,25H2,28.451612903225808,0.3194219302340432,1.1156399610749526,0.053341369758393514,-0.4233227255081708,0.8,0.990540940751663,2.592051287239328,0.5950356701503798,0.5868131868131868,39.64763126812923,41.35798219072217,0.9586452038519273,3
214150,26,22.285714285714285,0.45011467366722613,1.1029461397648044,-0.03978326250374745,-0.13374180819605133,0.0,1.117518872830569,2.7131653017689805,0.5384728135981538,0.3736263736263736,63.91704114166307,62.196539133648635,1.0276623431460936,3
214370,24H1,16.661157024793386,0.3436991530011817,-0.21159311577133985,-0.023328582261359983,-0.28394375034117386,0.0,0.6320369599771104,2.970414465569701,0.5157425906754005,0.3571428571428572,51.884936203917405,54.2381569516465,0.9566131874682431,3
214370,24H2,22.53658536585366,0.6882196223777514,1.6972195017792497,0.36051163406976733,0.3282754694170344,0.9736842105263158,1.5983487523875268,2.6193845640165536,0.5363993126597151,0.7090909090909092,49.77344775382863,60.45867712851178,0.8232639236883982,3
214370,25H1,17.084745762711865,0.5884794171423037,1.0810999664488636,0.6079545077281248,-0.6061358035703156,0.8128654970760234,1.3518601115917894,2.9509963797125995,0.5202079464264159,0.9523809523809524,66.56312052798376,66.55325056257772,1.0001483017782393,3
214370,25H2,20.322580645161292,0.8314486135869303,2.125891127178443,0.9182357053503777,0.025001302205417186,0.0,0.7900619910442848,2.772588722239781,0.5943892757369628,0.8424242424242423,72.71085013783545,80.44258130276253,0.903885093694009,2
214370,26,25.71428571428571,0.5855244579423818,2.775799337291365,0.2576124589958748,-0.1770165045642615,0.0,0.8611754195351985,2.506885556506776,0.7036192171199653,0.7535714285714286,101.33416100247736,97.66515903057805,1.0375671529982413,2
214450,23,13.006451612903225,0.33967853644674045,0.46050052366429634,-0.044260513447106284,-0.4657573383642845,0.27976190476190477,0.9347545840684156,2.9509963797125995,0.4083192891922782,0.9285714285714287,52.85515657663956,55.58818767558591,0.9508343190661946,3
214450,24H1,16.661157024793386,0.561833118752082,1.2353828946331604,0.529594249504975,0.0,0.632258064516129,0.7488233199694981,2.9575110607337933,0.766878129112423,0.7142857142857144,46.4033325397467,46.98946868351079,0.98752622321159,3
214450,24H2,24.585365853658537,0.6495057893168099,1.7477136566730958,0.6402085057272797,0.4054651081081644,0.34415584415584416,1.0742897212207139,2.4918270926325743,0.7218683645864564,0.7062937062937064,64.01291142433494,63.0089450406048,1.0159337120004652,2
214450,25H1,12.813559322033898,0.6557953008019358,0.7461225491323941,1.3113754303810496,1.2762934659055623,0.948051948051948,1.3859585498606346,3.3141860046725258,0.6656631565713466,0.7142857142857143,54.630212844804205,56.590916000782606,0.9653530408316542,1
214450,25H2,24.387096774193548,0.5581651884297048,1.1187868349631187,0.13016330315548216,-0.2910547569304201,0.0,1.2338948454796155,2.6683849447097785,0.6319087488516368,0.6433566433566434,59.286182536301524,65.87098251853357,0.9000348904712431,3
214450,26,25.71428571428571,0.47163881768805355,1.0990577450213481,0.1857293707327976,-0.06243547094079234,0.25120772946859904,1.0278200496866814,2.5751535276357784,0.5918037858267998,0.8321428571428571,71.09883807041479,72.07776968840716,0.9864183974861556,2
222800,23,22.761290322580646,0.3709811478669491,0.8277926633272282,0.3276975171464335,0.5712573629509086,0.9542857142857143,1.3989011994651455,2.4908413853078146,0.4911270023120479,0.5956043956043956,47.885261510959424,49.06848771084284,0.9758862305507339,3
222800,24H1,27.074380165289256,0.5071849278882747,1.0580850290613237,0.05155008271858997,-0.2704104859431202,0.4329268292682927,0.6753728869500271,2.47847575945771,0.7621509624018817,0.9340659340659341,41.62148697587421,41.29603995325483,1.007880828839467,3
222800,25H1,19.220338983050848,1.2592593103950478,2.7258118215946063,0.9764097868467557,0.289834925812882,0.6058394160583942,0.755338968743987,2.5902671654458267,0.8968695557326047,0.8333333333333333,76.19883017664003,79.42329066389374,0.9594015752772183,2
222800,25H2,18.290322580645164,1.2845411495334762,2.7624006119706417,1.2429314534838019,0.40989970517603025,0.782608695652174,1.8681936510983244,2.9560670171615597,0.7310025054921848,0.6833333333333333,70.45311919387801,67.60456506227496,1.0421355292941987,1
222800,26,24.0,0.7785698912427705,2.1141917163859225,0.7671114027666855,0.19004360288786487,0.5893719806763285,1.4735056016981944,2.6079667425452273,0.5727381420255844,0.6703296703296703,100.71002631400113,95.01993543224148,1.0598831272182587,2
237690,23,17.883870967741935,0.47134628506228654,0.6398623963059893,-0.33378234341598784,-0.6751286750572671,0.0,1.0838644786139182,2.8385466900315786,0.7125118632513283,0.5727272727272729,32.99624890737164,35.85003282656903,0.9203966162875475,3
237690,24H1,18.74380165289256,0.7057928245329042,2.2929416576051143,0.73106711666471,-0.08961215868968704,0.4716981132075472,0.7842212037701362,2.908720896564361,0.6829082195753954,0.7666666666666667,57.67283882907947,56.20667155381421,1.026085289072161,2
237690,24H2,22.53658536585366,0.5895145332434955,2.2823881692789123,0.11177951505449339,-0.25951119548508456,0.3875,0.7840430007971453,2.6835090921860925,0.5041779844367871,0.6727272727272727,55.85684213021235,62.201871703770706,0.8979929478042745,3
237690,25H1,17.084745762711865,0.36288012971391115,0.447474327452407,0.21500331846160986,-0.21414798840563182,0.49700598802395207,0.687091622596716,2.9311937524164198,0.5129435749779024,0.9523809523809524,43.17663963999616,46.05641682642621,0.9374728347347748,3
237690,25H2,26.41935483870968,0.509221614013581,1.7422354638573738,0.6384697831205005,0.3460928346081954,1.0,1.3468204626610836,2.4523304793533875,0.5002009741847612,0.6208791208791209,45.03558022013762,43.456223364357456,1.0363436289099053,3
237690,26,30.857142857142854,0.4047848231626528,1.2275879822331224,0.0794736481153643,-0.4795730802618864,0.15668202764976957,1.1145161596072894,2.4277482359480516,0.4333210684721481,0.5624355005159958,76.88658037634949,70.54782793648316,1.0898504266576903,2
240810,23,15.147540983606557,0.4397489343563129,0.32189714173984335,0.39590136965635775,-0.2744368457017603,0.3619047619047619,1.0819560680021139,2.8802193864321466,0.35300813568064743,0.5181818181818182,42.13947431918012,42.771229968739526,0.9852294252463363,3
240810,24H1,18.74380165289256,0.8307767289664465,2.6280362878081376,0.20098869482658438,-0.005730674708985095,0.5833333333333334,0.7074077105132496,2.8590212280120886,0.4710685236543077,0.8499999999999999,45.11649273744094,42.52592743403819,1.060917314676346,2
240810,24H2,22.53658536585366,0.3992456738307615,0.37626161637271643,-0.1602697985216314,-0.3845318984416984,0.8682634730538922,0.9679063303742521,2.6958549280083917,0.559608752310589,0.6000000000000001,49.989694059752274,52.4227206911096,0.9535883182085597,3
240810,25H1,25.627118644067796,0.5593855161886183,1.1902186216017838,0.3695055462329955,0.41551544396166595,0.2251655629139073,0.8675756799582873,2.627081138568543,0.5598079802299593,0.6993006993006995,46.18369948421455,49.74175567649753,0.9284694288753437,3
240810,25H2,24.387096774193548,1.0311237621249913,2.661059680556694,1.050792969079383,0.6751286750572668,0.803680981595092,1.5567326380387605,2.627081138568543,0.8879474230847911,0.7832167832167832,69.66492246355271,60.94423546600282,1.143092893542239,2
240810,26,41.14285714285714,0.6011636352227152,1.2579001338515299,0.4395944348379119,-0.15874838907588779,0.7476190476190476,1.5968897074725836,2.130213867053259,0.8349361387737492,0.737391304347826,109.40455598994083,108.6255907366585,1.007171102573525,2
241560,23,19.509677419354837,0.46243535934185137,0.817250847207388,-0.19647022231457245,-0.11000089521432846,0.768361581920904,1.3453468514383673,2.719100037288795,0.5787967291605685,0.6643356643356644,44.15413408684865,44.42394897102487,0.993926364260138,3
241560,24H1,22.90909090909091,0.41004783339528844,1.0527578925881949,0.49561395482108744,0.022472855852058576,0.6122448979591837,0.7565647108583096,2.592537313980366,0.49667318422889045,0.7727272727272727,42.56275572919229,44.003870974388356,0.9672502620045668,3
241560,24H2,20.48780487804878,0.5826462227121874,0.9539835276275278,-0.06319868878841109,-0.2696635669491026,0.16666666666666666,1.0603030603359664,2.9652730660692823,0.4998789428444861,0.3696969696969697,55.14160073496717,52.24047373144541,1.0555340868162049,3
241560,25H1,19.220338983050848,0.431577657972355,0.8858616587857092,0.33838290288377976,0.13217177310848302,0.07092198581560284,0.9062062232125391,2.6855773452501515,0.34766042138132625,0.15,43.59241116841754,46.6588232425909,0.9342801240779196,3
241560,25H2,14.225806451612904,0.5180246498787223,1.0304366093689963,0.44792499860936846,0.030771658666753687,0.0,0.9109960555322252,3.1957534074473464,0.3195930063457185,0.642857142857143,39.826185501967366,39.55896055974043,1.0067551052516506,3
241560,26,30.857142857142854,0.4701729155151449,1.819899413417901,0.1911158262720163,-0.12456272264176224,0.5934579439252337,1.0159036273712312,2.4519624940686464,0.6645866450249285,0.5190918472652218,60.29444597589577,62.05514188783311,0.9716269134454666,2
247540,23,16.524590163934427,0.6308999143580201,1.7422831584500886,0.4544636055365102,-0.19478832555908457,0.3018867924528302,1.1250061377696707,2.842969519001581,0.416252647086145,0.7132867132867133,68.34450850273977,83.62241297750317,0.8172989282326307,3
247540,24H1,20.826446280991735,0.31597204345118884,0.12139152923857512,-0.13788349681417655,-0.2799600263578706,0.2111801242236025,1.0651659411877248,2.714694743820879,0.4419975134209336,0.7696969696969697,55.61961679002339,64.14222089232662,0.8671295757499599,3
247540,24H2,28.682926829268293,0.4134433512939535,1.1998938074697456,-0.17238020724077255,-0.25593337413720063,0.9210526315789473,1.2975656507306264,2.466888144285322,0.3982230786880667,0.6791208791208792,53.12472486479447,53.87451488665015,0.9860826584994185,3
247540,25H1,27.76271186440678,0.44041083948353027,0.7981473667874041,-0.032115824971499354,-0.25131442828090605,0.5748502994011976,0.8646989050329996,2.5998366164619773,0.5735057484780907,0.6868131868131868,56.195338547308324,58.40894624780463,0.9621015641832521,3
247540,25H2,14.225806451612904,0.6804824905145492,0.5751167654663083,0.8801704951826254,0.14874526126035023,0.0,0.9620092802103813,2.959364629383116,0.627753195192246,1.0,56.911221048153564,53.561338238158235,1.0625429259272838,2
247540,26,22.285714285714285,0.5716126992898991,1.9860846927935334,0.15523784405730304,-0.03004178490250809,0.08695652173913043,1.1926056708468742,2.7131653017689805,0.6932426316834903,0.6483516483516483,81.24932813643389,73.75544158545623,1.1016045242206967,2
251270,23,21.13548387096774,0.566879912488371,0.8877387310561989,0.33817037952838824,-0.3661536878932761,0.79375,0.9068299199818552,2.5649493574615367,0.7057107151037377,0.8241758241758241,43.43634961142194,45.32616871623619,0.9583062244540138,3
251270,24H1,27.074380165289256,0.5148464886685314,1.7397965275204248,0.30070003032464093,0.07542376181724188,1.0,1.2714799897606996,2.3766930651477676,0.4085606059172654,0.6978021978021978,47.554194249270836,50.21893811011838,0.9469374709794862,3
251270,24H2,20.48780487804878,0.41456341054528023,-0.1825180702734912,-0.02589977137335957,-0.24362208265775043,0.844311377245509,1.4801984678453644,2.9856819377004897,0.6298186575933474,0.8303030303030302,43.985821293341125,48.52909162317881,0.9063804786391737,3
251270,25H1,14.94915254237288,0.6031803719134353,1.4252885820528574,-0.7332475359376107,-0.40546510810816444,0.0,0.6150320187932263,2.618438042412523,0.8160091599204473,0.7142857142857144,39.694794194162924,42.0990699743257,0.9428900500265437,3
251270,25H2,18.290322580645164,1.0518387804737817,2.5681480249997137,0.6183439716667453,0.3906668870092145,0.0,0.986357005067348,2.9267394020670396,1.114427360502574,0.7666666666666667,38.252836638542654,38.47832929640874,0.9941397492565476,2
251270,26,27.428571428571427,0.4485462025326036,0.22708541129392498,-0.15200811386156718,-0.4462871026284195,0.821256038647343,1.201312875585322,2.7327428136925818,0.6054372797320449,0.711764705882353,46.52785151815548,47.93120596403702,0.9707214868131112,3
259960,23,16.258064516129032,0.6030509880086234,2.010367439259508,0.11511780866158311,-0.12588024588900296,0.7747252747252747,1.2593510273837367,2.8622008809294686,0.7153642650748161,0.8303030303030302,31.330367262096992,30.86338322171128,1.015130682110612,3
259960,24H1,22.90909090909091,0.4504142112730225,0.9520157779785166,0.6478856913584451,0.1932905881645287,0.23417721518987342,1.0320848562620244,2.7200985396183848,0.3827373284619061,0.6727272727272727,45.868094868144624,45.64416226234393,1.0049060513919308,3
259960,24H2,28.682926829268293,0.4826091885872456,2.016179043355687,0.3206146068653336,0.43078291609245417,0.31901840490797545,1.1727749765070714,2.466888144285322,0.3982230786880667,0.7142857142857143,40.78650341498168,44.296604971431314,0.9207591290864516,3
259960,25H1,21.35593220338983,0.3315083902684404,0.0077376408519025455,0.3242480083666664,0.8649974374866045,0.31756756756756754,1.2465039749918971,2.6026896854443837,0.8418630677151763,0.6121212121212121,41.72248419862406,43.373571030058564,0.961933343457234,3
259960,25H2,12.193548387096774,0.47476451607431464,0.11285536785219291,-0.9370664437112763,-1.7165360479904672,0.0,0.9768501383645806,3.2255203675868693,1.1225898118275668,0.942857142857143,30.158110024625337,30.863109049441427,0.9771572260044602,3
259960,26,22.285714285714285,0.3653015875463246,0.6703684808265534,0.19254706968720223,-0.10506892796076114,0.8010204081632653,1.0129240742638415,2.8511510447428834,0.6894645145853614,0.6153846153846153,58.95620656962646,56.32362047063254,1.0467403564791535,3
263750,23,16.258064516129032,0.4250646130675936,0.9650293466047926,-0.1722949808395787,-0.09763846956391593,1.0,1.5139644383264146,2.797281334830153,0.3522774641185902,0.6727272727272726,42.94040654135499,44.85036093042948,0.9574149605610275,3
263750,24H1,12.49586776859504,0.42060621751281435,-0.08382316607429724,-0.6724588141279502,-0.017094433359300183,0.7383177570093458,0.8421816688056164,2.970414465569701,0.21696611078262748,0.5428571428571429,37.66386093740819,37.78410201630875,0.9968176806518079,3
263750,24H2,22.53658536585366,0.8758263445922656,2.595435259255851,0.38979361837506943,0.4100209246440251,0.0,0.5357185152908284,2.925114706340038,0.9043565652686758,0.8272727272727273,49.77878984729331,56.31333474021274,0.8839609672724074,2
263750,25H1,23.491525423728813,0.607732762527349,1.0566001717229323,0.3032587086041838,0.3619071337690346,0.9603174603174603,1.3810255124086601,2.499944527152541,0.5744136064823815,0.5,39.64102237898391,40.97572125208061,0.9674270804195075,3
263750,25H2,24.387096774193548,0.5511883844566393,0.8510143983982367,0.20689069184523592,0.3381129260786727,0.29608938547486036,0.7725082858127361,2.8574276021768106,0.5355199774745399,0.7132867132867133,43.82070251722658,47.03190951038835,0.9317228021019966,3
263750,26,25.71428571428571,0.7792545706529717,1.4817066523341,0.23222871849745827,-0.5982393342955478,0.41935483870967744,0.8028816860444129,2.506885556506776,0.8061216172772877,0.8392857142857142,70.52048014497477,70.9947072403347,0.9933202471875183,2
267250,23,19.509677419354837,0.6216103216463913,1.5092846034279876,0.20321855464083283,0.16989903679539742,0.45901639344262296,0.7150740457566505,2.691243082785829,0.5897100633271164,0.9230769230769231,25.07702811751343,32.324966770639676,0.7757789295019647,3
267250,24H1,12.49586776859504,0.3732700853069078,0.5570785789081809,0.27666904523543473,0.19290366612449164,0.0,0.9356093864006095,2.8526314299133175,0.5577586167476152,0.5428571428571429,35.03851610540019,35.55037927671131,0.9856017521690286,3
267250,24H2,20.48780487804878,0.6471024724530899,2.6453463598343627,0.47538505280473575,0.6480267452794758,0.0,0.799226886901594,2.9856819377004897,0.7790812172004141,0.13939393939393938,33.229430663694856,32.900236217927734,1.0100058383650066,3
267250,25H1,14.94915254237288,1.4597868699500438,2.5694073577696197,1.0566411582438326,0.2199125307327632,1.0,4.5507882184858195,3.1600353248452673,0.6353527324110485,0.7500000000000002,33.92897897355191,33.19241669005091,1.0221906795874183,1
267250,25H2,20.322580645161292,0.6580307446790229,1.7388848813490925,0.7560612749879312,0.2529965144638909,0.84472049689441,1.4567893559778728,2.714694743820879,0.49208065982912347,0.7454545454545454,46.23810137543214,53.70161200758256,0.861018871629094,3
267250,26,27.428571428571427,0.4326057115676224,1.0481050684294506,0.2600204617572573,-0.23144235412890482,0.08962264150943396,1.0273498043947933,2.607308631300678,0.4374272909509919,0.6529411764705881,75.87597606740803,73.79294293427255,1.0282280804953239,2
267260,23,15.147540983606557,0.690906037696778,2.2851622647251117,0.6563073987184306,0.08378803040369844,0.33014354066985646,0.923934746855356,2.843851742261272,0.7263800698910208,0.4090909090909091,53.92820038230099,56.83889411954319,0.9487904579719576,2
267260,24H1,14.578512396694215,0.8564592508038369,0.937869615191468,1.7701929746184057,1.1824665991049725,0.6380368098159509,0.7970775158585549,3.1416861861770706,0.7674786790764717,0.6785714285714287,65.68517279675552,58.128929199248155,1.1299911025645575,2
267260,24H2,24.585365853658537,0.4558541453077572,0.5239377566684318,0.4460221062602406,0.5493592877682336,0.6071428571428571,0.7094390089300084,2.545531271604435,0.5764718008402734,0.7692307692307694,66.2130037944861,78.07089099392822,0.8481138482156642,3
267260,25H1,21.35593220338983,0.4159077390254301,0.23534352343425133,0.03664581301566748,0.10178269430994238,0.7961165048543689,1.2949883552590766,2.468099531471619,0.7320691095395795,0.7454545454545454,56.54977038805443,57.43146275014777,0.9846479208455982,3
267260,25H2,16.258064516129032,1.002684637209289,1.73201783783962,1.2953588347069676,0.9433716904768259,0.6906077348066298,0.4700514222954771,3.1245651453969594,0.6968899709799905,0.880952380952381,49.61993550462704,47.943044044618695,1.034976741536222,2
267260,26,25.71428571428571,0.5939590951883432,1.437372298722022,0.20928205732064536,0.07260081286315058,0.5343915343915344,1.1227995532036157,2.512305623976115,0.7052966676053993,0.6214285714285712,78.62429183781998,73.11605411132204,1.0753355442036223,2
267270,23,16.258064516129032,0.6495817813243,1.235764245774867,0.051956071572813046,-0.12883287184296843,0.0,0.5148780514889439,2.8390784635086144,0.5625732345030426,0.6848484848484848,51.228488676525,51.815702242764104,0.9886672660830124,3
267270,24H1,20.826446280991735,0.3708564255302569,1.240998440868225,0.3808810953638216,-0.07061756721395353,0.3089887640449438,0.7822128558469036,2.833213344056216,0.42418250299576343,0.5272727272727272,37.310796227549034,39.81518910337603,0.9370995609408109,3
267270,24H2,30.731707317073173,0.42987336210858607,1.021037082408654,0.17195250590102013,0.008784829555732811,0.7828571428571428,1.0145874549660563,2.501435951739211,0.514876400691859,0.8392857142857142,50.65172239704955,55.19044047053311,0.9177626046324663,3
267270,25H1,19.220338983050848,0.5227509696911277,0.21254690948045646,0.5510926856970766,0.1634243166125874,0.89171974522293,1.0463937473684186,2.700615222614692,0.5643834029532327,0.75,47.89449450437808,57.623065809628194,0.8311688007474157,3
267270,25H2,20.322580645161292,0.40585265230134115,1.4766467085995476,0.5234938584505926,0.25841169015166776,0.23863636363636365,0.9105321653193191,2.884800712846709,0.34583768186968783,0.8909090909090909,54.46307718942796,52.94496492347707,1.028673402053341,3
267270,26,18.857142857142858,0.49391021463421836,1.9276969142301756,0.4151284643268318,0.21007146974685706,0.542713567839196,0.8698688486988314,2.854378155248259,0.6623150465673527,0.48181818181818187,81.18415869356275,79.14578584999018,1.0257546604873697,2
271560,23,13.006451612903225,0.3590146829471146,0.13863388941575958,-0.1519850825954651,-0.29135180134074334,1.0,1.2934210330553906,2.9894626605403958,0.4543749233827862,0.19047619047619052,36.0070347580988,39.48745711388045,0.911860053541958,3
271560,24H1,22.90909090909091,0.6613323586775527,2.0148315309497136,-0.12695085077650659,-0.03149866705937093,0.15483870967741936,0.8576737914658564,2.8278514009148306,0.41012026977513005,0.6454545454545455,28.15641037123482,31.202593323121107,0.9023740456332818,3
271560,24H2,26.634146341463417,0.5661282418137373,1.264548545020558,0.16451575509821653,0.09352605801082355,0.0,0.7088006250374037,2.540996116439044,0.6931427653623502,0.6593406593406593,28.444163339195207,29.103269377630557,0.9773528523588503,3
271560,25H1,17.084745762711865,0.4058254150782182,0.4700156363425189,0.2530898640136916,-0.13176927763112334,0.436046511627907,1.3094009591646416,2.9444389791664403,0.42572594486893434,0.8333333333333335,29.713854925276856,31.02658189827065,0.9576902484038384,3
271560,25H2,18.290322580645164,0.47774834459486654,0.9032407501719721,-0.06766686850426497,-0.4937894366134227,0.0,0.7055386664517885,2.9444389791664403,0.6233010148593163,0.5,25.105119125325615,24.97299584385903,1.005290646035929,3
271560,26,24.0,0.4839085198836102,2.056520394834113,0.4464116133709463,0.14107859825990543,0.22857142857142856,0.8440449953296322,2.7222348360941666,0.42688265455142416,0.7362637362637363,46.62170317588013,45.463186454739684,1.0254825235862821,3
272210,23,15.147540983606557,0.5629415373200479,1.3022142254979028,-0.009947792360782994,-0.5772006927108635,0.35185185185185186,1.0949168071205768,2.6772785424354564,0.7100671183064317,0.7363636363636363,36.28226754718105,39.114799359817596,0.9275841405555978,3
272210,24H1,22.90909090909091,0.7909308687283505,2.1323989156036753,0.6870977933041711,0.18164382040745722,0.0,1.149761000595198,2.900422093749666,0.6274910357925442,0.8363636363636365,44.169408203628144,43.596510399848306,1.0131409096399109,2
272210,24H2,22.53658536585366,0.8897813153160703,2.321212968959243,0.40675690345465776,-0.3148519778037088,0.8136645962732919,2.6004847336419514,2.6519607344511664,0.5414523168662613,0.8454545454545455,59.47666029330412,51.73778158874608,1.1495788660996897,1
272210,25H1,27.76271186440678,0.6862366989175012,0.8272655932098424,1.0044616206467534,0.4634889482245419,1.0,1.0315801076174063,2.4912964478867714,0.6453479379995206,0.9065934065934067,68.30865210466244,69.80269585068737,0.9785961884735686,2
272210,25H2,20.322580645161292,0.2844424793111505,-0.48606133875583113,0.0545715232138024,0.011696039763191236,0.8902439024390244,0.9504750909476688,2.8390784635086144,0.5706209418970322,0.5151515151515151,59.252641252055696,57.966124327750414,1.0221942891512135,3
272210,26,27.428571428571427,0.5741257036542259,1.258138118463019,0.45979929839814193,-0.4353180712578455,0.07476635514018691,1.179510641138823,2.505525936990736,0.7044413948264023,0.5558823529411765,93.70763677910773,85.59704286468477,1.094753202248406,2
277810,23,19.278688524590166,0.7904366253078491,2.2428005776603706,0.6230882639983119,-0.25518290505882646,0.5797101449275363,0.9289268004101234,2.64414639912273,0.5379568590900441,0.9340659340659341,70.78924292281377,74.51271507977765,0.9500290366150621,2
277810,24H1,22.90909090909091,0.43275720026845993,0.27483793279496904,0.08565959502418505,-0.03426845683481479,0.5172413793103449,0.599224426679966,2.915310706243417,0.20471521926285863,0.7000000000000001,51.1775728010476,63.062602528441715,0.8115360094434119,3
277810,24H2,18.439024390243905,0.46007865692152755,0.5957458904390206,0.1104025175508304,0.08403074885149187,0.34375,1.0610131955748354,2.772588722239781,0.22316963839196408,0.09999999999999999,44.73472236451387,45.44195043309522,0.9844366700407675,3
277810,25H1,14.94915254237288,1.5208668773703733,2.5285663768507756,1.2435369662420102,0.2341933875007947,0.0,0.22939737535152535,3.030823593365261,0.8429700432734962,1.0,65.31344438060339,76.26730825560645,0.8563753707120266,2
277810,25H2,26.41935483870968,0.9398965509338789,2.4248655851667693,0.7186995959972019,0.3452059165899675,0.678082191780822,1.2935766733998504,2.559014621941722,0.5646349214158095,0.8241758241758241,55.536263441107764,49.54923329583135,1.1208299250470968,2
277810,26,25.71428571428571,0.5507867276037457,1.119778013331389,0.3219941384643448,-0.1643030512912763,0.14485981308411214,1.1215007933502121,2.5649493574615367,0.7429579228081481,0.4392857142857142,97.78197755687845,92.32444817361318,1.0591125047723282,2
298040,23,20.655737704918035,1.0203006800554537,2.4623890732306646,0.9238472265590009,0.5448007021502821,0.3034825870646766,0.6939579613133385,2.6002174962989946,0.7171386301964955,0.6071428571428571,59.41409746758639,72.19464977045243,0.8229709217580162,2
298040,24H1,12.49586776859504,0.8148376490117987,1.5364898002071963,1.1597147919819013,0.7161366987846439,0.6688741721854304,1.5050215268911218,3.0834378539730967,0.5686894818989061,0.942857142857143,74.93218433294595,64.32463635526504,1.1649064585316178,1
298040,24H2,16.390243902439025,0.6665765834673079,2.5476624150539755,0.44046136227316757,-0.025975486403260677,0.7730061349693251,1.274060183395976,2.9575110607337933,0.5627610483949077,0.3571428571428572,67.32131138763069,78.22093792689188,0.8606558956190429,2
298040,25H1,19.220338983050848,0.3664600269026697,0.5401126415030432,0.372335739373097,0.06595796779179737,0.14953271028037382,0.9713218849097812,2.4277482359480516,0.6144877181110642,0.6,60.3615626672117,62.79680035762387,0.9612203539584239,3
298040,25H2,18.290322580645164,1.3913581876725993,2.433350578011297,1.575987201643342,0.7814397877056235,0.0,0.8746469436427993,3.0706335817271087,0.8765804547530198,0.9500000000000001,63.579678845911744,62.73810198926044,1.013414126821933,2
298040,26,27.428571428571427,0.6489178425342016,1.7482038512853488,0.547105931191579,0.08786135579133425,0.5944700460829493,1.1084512703190232,2.550421256898627,0.48634578530424666,0.3323529411764706,82.66113454652441,79.3509829106657,1.0417153198919453,2
298380,23,17.883870967741935,0.42771280823809293,1.2427396431273696,-0.2629988141144547,-0.4888467170472155,0.0,1.235996411141593,2.5147596129376812,0.6299200806121976,0.9090909090909091,40.295358000460084,43.30755395459599,0.9304464076337833,3
298380,24H1,29.15702479338843,0.7607185909128639,2.216730835676599,0.5054761631154397,0.07770898432731632,0.0,0.5997352245319275,2.6888188391743224,0.7461116822962031,0.7626373626373627,55.184147683747995,56.71744670965164,0.9729660075540262,2
298380,24H2,24.585365853658537,0.534386613060596,0.9260724505219076,0.4292171677893503,0.10660973505825827,0.6235294117647059,0.8560027855405904,2.644992065135073,0.5317548387848751,0.6293706293706295,74.1403476257054,71.24022369529882,1.040709079505571,2
298380,25H1,19.220338983050848,0.9528151485740034,1.6341702298932659,1.110547483132727,0.4919825359645107,0.6403508771929824,0.7473062312739276,2.7227563484919055,0.6081325873138168,0.9166666666666666,72.16191543548527,72.25155432496378,0.9987593500193042,2
298380,25H2,22.35483870967742,0.8385274697015802,2.5053134182687624,1.07500917821053,0.1823215567939546,0.9408284023668639,1.892301281229389,2.7260687066048885,0.5486661831194503,0.790909090909091,69.2313994390619,72.19843194465676,0.9589044744369349,1
298380,26,22.285714285714285,0.3926838629521654,0.4865588348663525,-0.17488134048651974,-0.8985911547747542,0.748792270531401,1.017437968713069,2.6112003751122925,0.6847588147401441,0.3186813186813187,86.79364344941254,84.79650151959945,1.023552173663102,3
302440,23,14.632258064516128,0.6278535759788769,1.3714118041981156,-0.0013655681928085302,-0.5717863235556779,0.8873239436619719,1.4870057950333366,2.70805020110221,0.9797958971132713,0.5833333333333334,33.43061021477488,39.69882392941501,0.842105808328602,3
302440,24H1,24.99173553719008,0.5248179903471659,0.6954353898528224,-0.47075968997322104,-0.0718257345712555,0.2,0.8395265394393753,2.7880929087757464,0.6581634512518483,0.8111888111888113,24.373524198453875,23.958672911367408,1.0173152865612034,3
302440,24H2,30.731707317073173,0.5273330261822204,1.1486671526131218,0.1987252371997186,-0.00836824967051658,0.9731543624161074,1.180494353537674,2.367123614131617,0.5808033998572273,0.6107142857142855,44.86032366780088,41.59862565985617,1.0784087925071124,3
302440,25H1,12.813559322033898,0.6230052099093509,1.3657664490369186,0.040233513079393525,0.028987536873252187,1.0,2.2373072535544045,3.1354942159291497,0.8087424016407946,0.7142857142857143,41.0815494241605,40.45282326645079,1.0155422071178686,1
302440,25H2,16.258064516129032,0.3169033889929323,-0.5726705192982304,0.2710778318804503,-0.17095779814363954,0.3233082706766917,0.8433470432617783,2.780370862681836,0.6616774859928972,0.7619047619047621,36.19023586487591,40.06931463979039,0.90319078801856,3
302440,26,24.0,0.3524482153960104,0.4146868333110879,-0.31474126154963944,-0.6726686492164048,0.23902439024390243,1.0348400795553272,2.750014400201242,0.6005297373485085,0.4769230769230769,46.34686110303311,44.44177760460159,1.0428669508987927,3
307950,23,13.77049180327869,0.7095911453697944,0.7573542837574397,0.6450239226972145,0.0,0.4787234042553192,1.387332988581004,2.9444389791664403,0.47270854685289404,0.8545454545454544,52.186963716885856,54.25194107635507,0.961937263100634,3
307950,24H1,16.661157024793386,0.6454443025169695,0.9578512838174466,0.044610502750585576,-0.570544858467613,0.48148148148148145,0.6552352530115523,2.8903717578961645,0.8420182355476091,0.9047619047619048,36.662315096287955,38.37151264231917,0.9554566023507196,3
307950,24H2,32.78048780487805,0.3394453044930593,0.40951058480202984,-0.023357210341903113,-0.022223136784710235,0.0,1.0281158217532507,2.4203681286504293,0.5338269320815857,0.6941176470588235,42.469970473228585,40.991374552858304,1.0360709036107982,3
307950,25H1,14.94915254237288,0.6643758750381266,1.0575353110332155,0.627873194357498,0.3829922522561057,1.0,2.3502665450938083,2.9444389791664403,0.42865935869721455,0.9285714285714288,34.98276044148996,36.67965666712152,0.9537374016057079,1
307950,25H2,14.225806451612904,0.6458996272277596,1.3580833153397232,0.9318715860764961,-0.19105523676270922,0.9830508474576272,1.1385269733260217,3.0580361568901457,0.4648509034907481,0.5714285714285715,36.781779463673246,45.9918419461872,0.7997457354873894,3
307950,26,18.857142857142858,0.6539261458287899,0.8053083956225553,0.6082106645848838,-0.12044615307586709,0.5714285714285714,1.088465009416822,2.8699628862649575,0.6396282066531358,0.6000000000000001,108.15730706490993,102.22690801951696,1.0580121140342107,2
310210,23,16.258064516129032,0.8315932392822268,2.4056981679395957,0.5864055909569589,0.04445176257083359,0.2469879518072289,0.6808031467715842,2.8903717578961645,0.5360783268937085,0.6242424242424242,102.27695612204168,103.30455582080336,0.9900527165467494,2
310210,24H1,12.49586776859504,0.37958578192326,0.41560942291301856,0.4826861639806969,0.06713930283762852,0.9700598802395209,1.039510755094548,3.2121868367174042,0.5350807671867674,0.7142857142857143,65.36351952415667,69.877366482217,0.9354033045992217,3
310210,24H2,24.585365853658537,0.7551641766394039,1.780842737586896,0.6914261091989067,0.19817692858374888,0.0,1.4525989238651562,2.6026896854443837,0.6659180233461053,0.5734265734265735,90.37688006998263,94.41351532345841,0.9572451545772195,2
310210,25H1,21.35593220338983,0.5354204256485181,1.7194983616813924,0.5370659602647714,0.03974032864951412,0.2,0.7320898604936507,2.714694743820879,0.27474355084718893,0.8424242424242423,81.72440763171113,83.66372960542073,0.9768200391871612,2
310210,25H2,16.258064516129032,0.6983745323756729,0.6058777626915812,1.096281829915537,0.7331525151736445,0.87248322147651,1.3103410704698566,2.9378382951350885,0.6601670122506744,0.9285714285714287,70.27413509372155,70.73881582870635,0.9934310359942974,2
310210,26,25.71428571428571,0.6146866851625932,1.134866571872303,0.18619468424353758,-0.6583432583652532,0.9813084112149533,2.0972086716776945,2.54422322694442,0.8265905559571576,0.4035714285714285,95.3781921363763,99.05534323993085,0.9628778117032234,2
316140,23,15.147540983606557,0.38105904320779643,1.18237766978769,0.23645334123557063,0.2583074637718767,0.7705882352941177,1.2615474598820027,2.6646997602285962,0.5023020232334965,0.6545454545454547,15.879317830091127,16.10095899894768,0.9862342877296292,3
316140,24H1,20.826446280991735,0.48286480422906447,1.0517159049553966,0.470281210066062,0.25782910930209985,0.2485207100591716,1.051873916047102,2.970414465569701,0.5066581311206472,0.04242424242424241,30.49986299718262,28.425507841000613,1.0729751309206157,3
316140,24H2,22.53658536585366,0.42771705079089034,-0.17209032321710283,0.16773867824968045,0.7434479190347443,0.296551724137931,0.8316094405987429,2.5993170009657445,0.7231750159714776,0.8272727272727273,26.465329062927644,27.657817378745225,0.9568842219366884,3
316140,25H1,19.220338983050848,0.4748279408701383,0.5787528198116022,0.4820163852784495,0.4784902431230542,0.3838383838383838,1.1137480828529793,2.6390573296152584,0.5555838995037159,0.15,23.663751255125725,23.2498968519022,1.0178002683564449,3
316140,25H2,20.322580645161292,1.1590734623280052,2.9888438691468613,1.057644176039517,0.5815072094172758,0.0,0.5986154148025012,2.9856819377004897,0.5806494684121162,0.8424242424242423,30.843255814407147,30.388162004184508,1.0149760229052343,2
316140,26,15.428571428571427,0.6963235444729206,1.6153368743797456,0.32223822011286113,0.17373781310256314,0.23113207547169812,0.9346400453004574,3.0706335817271087,0.4662954520612763,0.7666666666666667,51.439705766598074,48.216668981045565,1.0668448661772865,3
319400,23,19.509677419354837,0.42283113308130943,0.9744443244248543,-0.15604605519844583,-0.17185025692665928,0.9146341463414634,1.1621963347075084,2.6798793241355137,0.45902211134246973,0.1958041958041958,50.134661061670435,52.80054906405254,0.9495102219647734,3
319400,24H1,20.826446280991735,0.3658173617397572,0.5331932151735523,-0.20017686143181407,0.18632957819149334,0.17391304347826086,0.7114336027899092,2.9069010598473755,0.33984404726764,0.5878787878787878,33.29490713066181,37.36616159316011,0.8910443489800799,3
319400,24H2,28.682926829268293,0.596216333564351,1.6127573876663979,0.31708192937813406,0.1823215567939546,0.975,1.084923366393002,2.531426665422893,0.5218143441782812,0.5384615384615385,36.74215639390013,38.531742861867905,0.9535555275975124,3
319400,25H1,12.813559322033898,0.6091801867197153,0.3012885093670847,0.5283899007789679,-0.04959694113937206,0.7830188679245284,0.7993488079329567,3.004031076368686,0.7256744270583534,0.8285714285714287,47.209862565144256,52.55301872203954,0.8983282732975626,3
319400,25H2,20.322580645161292,0.9263327873184637,1.9190579741889746,0.9746050984894682,-0.1743533871447778,0.5675675675675675,1.135317707308477,2.624668592163159,0.6127843660068243,0.7818181818181817,81.16126034661261,69.28155051232805,1.171470034178445,2
319400,26,22.285714285714285,1.6974058767765527,3.476511509222194,1.0988832167380544,0.13633644355213118,0.0,0.6391061336765649,2.772588722239781,0.7460835241445827,0.7197802197802198,123.29771340370242,115.68294605528318,1.0658244590761048,2
319660,23,19.509677419354837,0.41886437714975217,0.8708823719186322,0.027119444521351312,-0.2691286645560332,0.3584905660377358,1.170384973641014,2.571339155560308,0.5668041563338717,0.7202797202797203,42.59910013262114,43.67930187434776,0.9752697113879238,3
319660,24H1,16.661157024793386,1.0267690306955708,2.1580212236077547,1.1105337069745223,0.9034425893963061,0.5941176470588235,0.9493866421813579,3.0143086591269266,0.7092649229953095,0.7619047619047621,52.05328695880811,46.885672562593484,1.1102173460200606,2
319660,24H2,14.341463414634147,0.41312169384123426,0.1792503582044864,-0.8049766162171391,-0.9476770456948258,0.2,0.9715677846862671,2.959364629383116,0.6015070237233123,0.8571428571428573,53.960762497401774,57.059254934615964,0.945696934865961,3
319660,25H1,23.491525423728813,0.3970371923773778,0.114219532501146,0.36517651035565624,0.2831262559159201,0.5793103448275863,0.8429168929758919,2.5365786603323213,0.49074030219721176,0.7454545454545456,49.45368401917648,48.4076258683804,1.0216093669547086,3
319660,25H2,32.516129032258064,0.7986117162227118,2.4159199448830533,0.652954299933674,0.46163537957521894,0.6121212121212121,1.2022231630211548,2.495269436823547,0.6500134212719261,0.8117647058823528,54.34375666161209,54.03132176477564,1.0057824773970296,2
319660,26,30.857142857142854,0.8180210508639401,2.417110984508335,0.8776278961126499,0.3776303091147205,0.8292682926829268,1.7790681598978464,2.4519624940686464,0.5797295565356734,0.6140350877192982,113.86453468843547,105.03060439522582,1.0841081544191438,2
323410,23,17.883870967741935,0.504389634276649,0.6818447326856695,-0.20941673267186403,-0.5108256237659907,1.0,1.1617220848456085,2.4619171315633017,0.47029417600311935,0.8272727272727273,34.68197099210824,37.454495667358195,0.9259761845447508,3
323410,24H1,22.90909090909091,0.8687157301815596,2.637148896149976,0.4747753902662335,0.26192957634936626,0.0,1.0067116914799552,2.6193845640165536,0.8197166836340515,0.6727272727272727,35.314398600779484,46.05794358825819,0.7667385004523385,3
323410,24H2,28.682926829268293,0.4208381862306301,1.0794477088792254,0.06765174710139363,-0.1941560144409575,0.0,0.997994391437878,2.586689344097943,0.6799419990341606,0.5984602081255584,34.8441627508189,38.73515246828754,0.8995488730642228,3
323410,25H1,17.084745762711865,0.93111011605514,2.272306825948802,0.8541950273959448,0.1561607307552825,1.0,1.7869786006769137,2.9575110607337933,0.3794596040606897,0.9285714285714287,33.9395077355898,36.910623332998725,0.9195051362150067,1
323410,25H2,14.225806451612904,0.5314821608301844,1.0673219106497482,-0.8293681974258993,-0.9395475940384223,0.3803680981595092,0.8257862894599747,3.0647251450409425,0.6831300510639733,0.7857142857142859,32.18954349781625,38.70186400390053,0.8317310890910076,3
323410,26,24.0,0.48868304680400193,0.9264748256408644,0.17438891710435958,0.1841924647297664,0.24413145539906103,1.139397132470297,2.6390573296152584,0.628970902033151,0.6967032967032967,52.82245721764897,48.65943743845524,1.0855542110296514,3
326030,23,13.006451612903225,0.41501020385110876,1.020144659836883,0.40580432060164606,-0.12604072089536505,0.3167701863354037,0.8335869008113268,2.883403088580071,0.4627175928694817,0.5952380952380953,39.096474424532715,41.87491082344211,0.9336491387259507,3
326030,24H1,22.90909090909091,0.4790676833048877,0.9592522558944023,-0.016687009064503145,-0.11086259281180957,0.0,0.728973199308633,2.7260687066048885,0.44513304082743754,0.881818181818182,33.27606217615068,33.45808398176371,0.9945597062368474,3
326030,24H2,26.634146341463417,0.7106231570307875,2.526536610016133,0.4747136175334237,0.201218190685244,0.3836477987421384,0.7626725278569695,2.570849079588725,0.5536082751013292,0.6703296703296703,47.32365863444272,47.6093768000805,0.9939986997343495,2
326030,25H1,12.813559322033898,0.2780892399441611,-0.15706325985825353,0.044208498186012954,-0.4054651081081643,0.6370370370370371,0.8065862868358351,3.036554268074246,0.5534936313996757,0.942857142857143,41.94723588010248,44.10273984359068,0.9511253955846588,3
326030,25H2,14.225806451612904,0.5258584239934672,2.0028520278783013,0.7342121999212072,0.6579608714349017,1.0,2.2093589085991887,3.1780538303479458,0.7542318879103035,0.7500000000000002,35.60180511002652,37.630671771729155,0.9460847610159628,1
326030,26,27.428571428571427,0.3005840727621202,-0.03344791964410458,-0.3347789211882638,-0.3980301296206462,0.0,1.0094947657185083,2.6390573296152584,0.6741081283499577,0.38823529411764707,54.14808118734861,51.49185059821736,1.0515854559172362,3
329180,23,15.147540983606557,0.6467377023459975,1.610153700252835,0.4668763146793269,0.13154923142053151,0.345679012345679,1.026287415118368,2.885308455939618,0.9207119976392294,0.7090909090909092,35.81631750078222,37.13990023119063,0.9643622432432695,3
329180,24H1,20.826446280991735,0.5491258356437916,2.3552939893869813,0.2542909702114666,-0.4342855466436564,0.8035714285714286,1.731043838655713,2.6741486494265287,0.42544265570854595,0.6484848484848483,39.72579035334093,37.968669866661976,1.0462781681014794,3
329180,24H2,20.48780487804878,0.8042181482892565,2.158557110842939,0.763989107240554,0.5804740180558325,0.0,1.2724149932865396,2.833213344056216,0.8113004261010667,0.7696969696969697,51.60264833798357,53.87941959830058,0.9577432110944858,2
329180,25H1,19.220338983050848,0.7665513111888074,1.15850717246503,0.9471852119961629,0.38832559823146845,0.0,1.1419627962672154,2.779509165084355,0.7287782358190776,0.9,54.96443656293226,57.85542013549441,0.9500308948445692,2
329180,25H2,24.387096774193548,0.5075760313768805,0.820943237978951,0.4266791767725928,0.04396312342111599,0.17647058823529413,0.9779274043775533,2.719100037288795,0.4583879915299826,0.32867132867132864,52.4376820810087,53.24697299496688,0.9848011845849964,3
329180,26,24.0,0.5758618295237131,2.4290087572042727,0.2224052552121714,-0.1823215567939546,0.5981308411214953,1.0197871281594473,2.7032769223495525,0.5860113461604984,0.6835164835164835,67.79672109223486,64.0034406466772,1.0592668207713702,2
336260,23,17.883870967741935,0.6276591624135254,1.129399633214283,-0.004383528851231893,-0.7466543346075161,0.6686746987951807,1.4719691577374254,2.7140925155581725,0.7108944233251663,0.7727272727272727,41.22991037727997,41.99404334729793,0.9818037771762426,3
336260,24H1,14.578512396694215,0.7108989472747365,1.947668088043337,0.30188580418443517,-0.38612214526503347,1.0,1.5195365374624228,2.8581108956779433,0.8359852098952864,0.9285714285714288,44.061436756893634,47.00568790362818,0.9373639387477768,3
336260,24H2,24.585365853658537,0.45837868283382127,0.9283459958393846,-0.2547405607959325,-0.598656337139023,0.8503401360544217,1.1186338494867039,2.662587827025453,0.7725182863075677,0.7342657342657343,40.77245207098252,47.238175916083115,0.8631250314028485,3
336260,25H1,19.220338983050848,0.6068643668199856,2.131716239307443,0.3343358480928211,0.10536051565782635,0.9391891891891891,1.5837639736729965,2.58189891577531,0.6403807964309516,0.6333333333333333,44.95483110213874,48.690960376791,0.9232685236491429,3
336260,25H2,30.483870967741936,0.6094497028398762,0.9367714338071339,0.6417473178565766,0.13778370236305296,0.0,1.490080317348204,2.473733349189875,0.5222647546658015,0.9107142857142855,72.51024243890403,72.34364684807852,1.0023028365044322,2
336260,26,20.57142857142857,0.9810656410367953,2.3777415443212893,0.799029191257601,-0.11294041118059553,0.6082949308755761,1.686795800467,2.7880929087757464,0.7560265314071332,0.8251748251748254,108.0704577618673,91.68397159135671,1.1787279268785014,2
347850,24H2,20.48780487804878,0.5378186575894267,1.0397481311681105,0.6468471846957367,0.36211466723455066,0.6335877862595419,0.9270746779955649,2.5952547069568657,0.6777865220269215,0.8424242424242423,90.2284085076405,89.6271939805806,1.006707947670326,2
347850,25H1,27.76271186440678,0.8155490260233219,1.242771007641392,0.9937361403437872,0.10613241843640799,1.0,1.7982402194454516,2.570849079588725,0.4861163563181618,0.8351648351648352,84.06222855721944,83.89620795939945,1.0019788808321388,2
347850,25H2,26.41935483870968,0.749500135729539,1.8046999102099144,0.9729297255666739,0.11276546366440397,0.7610062893081762,1.5703315960995319,2.4117843849590375,0.4495384518137865,0.8076923076923077,92.03293363138644,95.13592603856452,0.9673835896029409,2
347850,26,25.71428571428571,0.47140328281468846,2.1378948010446863,0.18785343803214924,-0.2737607339331729,0.6618357487922706,1.3831099730298866,2.5902671654458267,0.5695392874947258,0.5964285714285712,90.5537928455179,92.857855700032,0.9751872058950279,2
348340,23,16.524590163934427,0.4994293775772261,0.6204661094601173,0.2992926654149013,-0.13778370236305298,0.5,0.8337225476135562,2.7568403652716422,0.6326800291866643,0.7622377622377624,77.27384379736122,77.14245478232763,1.0017031998191441,2
348340,24H1,18.74380165289256,0.7266656333569648,2.0015840141270176,0.10987557488281151,-0.10807422152942266,0.0,0.5964319878250772,2.9618307218783095,0.2327586206896552,0.7,45.416441348052636,59.09578607915152,0.7685225015405144,3
348340,24H2,18.439024390243905,0.580126006389101,0.2724450287340301,0.11122038953237927,-0.10476332244808015,0.9407894736842105,1.2893421035870591,2.8779492378976075,0.34535138355738493,0.4666666666666666,55.87233516244884,53.936692704327214,1.0358873034491107,3
348340,25H1,17.084745762711865,0.6969285124819898,1.6656279171897364,0.4458283196346026,-0.22024079165624838,0.0,0.9141595580156449,2.9639835752394106,0.46076312886198467,-0.11904761904761905,62.37315695370657,68.37685990375945,0.9121968607727365,3
348340,25H2,24.387096774193548,0.4698138767654051,0.48179816984748236,0.47657789660197447,-0.15984870094189602,0.9881656804733728,1.3365458003841388,2.608843551018762,0.7679434778471331,0.7132867132867133,60.96052059447331,55.343422245257855,1.101495319973581,2
348340,26,10.285714285714285,1.0910743820932516,2.368824167855076,0.8582946308336515,-0.8561868078044496,0.0,0.5328164921381852,3.289644895756408,0.8757103186383438,0.3714285714285715,107.20766116866609,106.04395054881462,1.0109738520097455,2
352820,23,19.509677419354837,0.3678694307264777,0.8091677503899506,-0.017729936723860407,-0.2039121893863222,0.967391304347826,1.1708413109214388,2.7462019670665865,0.4852212908950832,0.7482517482517484,43.75476262609629,45.48073553847495,0.9620504617626828,3
352820,24H1,24.99173553719008,0.45846351393799456,0.7527506183797973,-0.11111475110408893,-0.4936578201436253,0.24427480916030533,1.5645717840611648,2.3353749158170367,0.5289821877457007,0.8041958041958043,42.101434896773135,42.38262271030776,0.9933654928469956,3
352820,24H2,26.634146341463417,0.42965686470126135,0.6148430360475978,0.1095332077733763,0.011173300598125255,0.6797752808988764,1.158032126312626,2.7029088016017915,0.7883621386503024,0.7252747252747254,39.38022330953417,38.237013889151115,1.0298979785319329,3
352820,25H1,14.94915254237288,0.7051179049428467,1.099390423807673,0.9616925270428117,0.946927701336045,0.40789473684210525,1.2512831918823957,2.9368917735310576,0.7024787761750748,0.9285714285714288,42.539012318867115,42.86837134775416,0.9923169689322872,1
352820,25H2,16.258064516129032,0.44727361241397123,-0.11239533048101955,0.268262614698748,-0.3070250352949119,0.7875,1.4534382364229,2.9378382951350885,0.45789189731942254,0.7857142857142858,39.534715284830064,41.04606765705442,0.963179119012035,3
352820,26,25.71428571428571,0.4402060525549929,0.37595849140478405,-0.1599570537060411,-0.12396194160837201,0.0,1.0314054323644826,2.634284050862601,0.815364914991035,0.46071428571428563,57.34937236493005,57.82056857371353,0.9918507164421468,3
353200,23,13.006451612903225,0.4649983926616118,-0.5427025726457153,0.3341208846573465,-0.34347343208019643,0.94375,0.9052651843945233,2.9109910450989003,0.6658530168975686,0.523809523809524,54.52229929814687,53.12076314077906,1.0263839612705394,3
353200,24H1,18.74380165289256,0.44023968181046375,0.758170988699084,-0.16068652017208812,-0.20989832456418914,0.3609022556390977,1.0127806923559182,2.820055259478705,0.495793895899382,0.7999999999999999,37.545081286693296,40.40977186122621,0.9291089644264577,3
353200,24H2,18.439024390243905,0.261502651158203,0.9587572379928665,-0.31005172346036297,-0.5160947364460026,1.0,1.1670483558001172,2.902641850487979,0.3346861182353412,0.11666666666666665,44.022098775537046,45.564509678664,0.9661488532631087,3
353200,25H1,25.627118644067796,0.5057799505992333,0.6157726943596673,0.32665242345202883,0.06713930283762852,0.0,0.58114082302367,2.519039656157459,0.3673984686058152,0.7132867132867133,50.63196799332343,53.88791818245261,0.9395792174025864,3
353200,25H2,22.35483870967742,0.8978534083975755,1.2731885348989096,1.3664844712507693,1.07880966137193,0.8461538461538461,1.2148607433206213,2.6390573296152584,0.9593790508789037,0.8545454545454546,59.684832188477536,52.7491144592559,1.131485007858831,2
353200,26,24.0,0.8349654427655465,2.3151165887885607,0.774286951562081,0.2186892009648295,0.6747572815533981,0.9172192320451301,2.6692103677859462,0.7413495867204415,0.5824175824175825,104.75335742928442,97.91783854961653,1.069808719033399,2
357780,23,19.278688524590166,0.4917912203138198,1.3698525290630792,0.26079083073534925,0.2691286645560331,0.32386363636363635,0.9144685563530115,2.4171884757330493,0.7412781853976533,0.7802197802197802,42.24461882908422,42.73002905174555,0.9886400680403586,3
357780,24H1,31.2396694214876,0.6230396164185491,2.5110956632777826,0.5008585320251565,0.39128047311620795,0.0,0.8412946300475479,2.54422322694442,0.8941784777319143,0.7892857142857141,44.53983077085453,44.08758255958375,1.0102579498583206,2
357780,24H2,20.48780487804878,0.3960195185037417,-0.04946649525667336,-0.6919187275071723,-1.0279947214541563,0.20958083832335328,0.9355164503434773,2.8154087194227095,0.6362539621144669,0.7818181818181817,38.40953969690757,42.35551409161202,0.9068368197309663,3
357780,25H1,19.220338983050848,0.3316255582072122,0.8548506693451631,0.19700062995335876,0.3704682660710682,0.3618421052631579,1.040613264581982,2.715430308399833,0.30405989894316665,0.7666666666666667,47.465102454239535,46.39029723620385,1.0231687504083695,3
357780,25H2,28.451612903225808,0.5757905222174688,1.4545112006299998,0.6055966554157822,0.08961215868968714,0.68,1.0254252276872815,2.6642475784438173,0.7343894427698131,0.4901098901098901,57.85324410108824,57.2511551658133,1.0105166250974524,2
357780,26,25.71428571428571,0.6905706142319418,2.3511099135274938,0.3383340390299179,-0.23889190828234896,0.0,1.3628919393939436,2.538973871058276,0.8474921686132,0.6071428571428571,96.78830835691157,85.73714344225009,1.1288958842220491,2
373220,23,26.16393442622951,0.5726493978176345,1.5978283253108605,-0.05907001754766251,-0.34547319748018895,0.8185654008438819,1.5899275603477283,2.368766999875347,0.545801050697452,0.7157894736842104,29.741637354689328,33.74440709132859,0.8813797579609017,3
373220,24H1,24.99173553719008,0.41034010004287047,0.4027458670416448,-0.29469052860292844,-0.22314355131420985,0.8636363636363636,1.2077227413705212,2.70805020110221,0.451260859854213,0.7342657342657343,29.371790871951948,30.855064466298444,0.9519277104098548,3
373220,24H2,26.634146341463417,0.3944320428442654,2.167393170852919,0.24798169818630653,0.01526747213078838,0.358974358974359,0.8318679731976383,2.390877700139724,0.6259159789216472,0.7417582417582418,43.46901747552355,43.70870998086217,0.9945161386496292,3
373220,25H1,25.627118644067796,0.3555718666775122,0.9546765657790289,-0.2262829569727156,-0.02469261259037141,0.8235294117647058,1.4828703492527813,2.6026896854443837,0.3594345089584517,0.8741258741258742,37.25227792655225,42.111630862996435,0.8846078188647378,3
373220,25H2,16.258064516129032,0.6373397004452561,1.031014029881677,0.7731492727758547,0.2135741002980591,0.7228915662650602,0.795537686187531,2.8693183486983322,0.6539343342116287,0.880952380952381,42.910126996947916,40.84069417817461,1.0506708531873883,3
373220,26,24.0,0.3710191495246609,0.5349600934636204,0.05324992533920168,-0.17351092711179977,0.5748792270531401,1.2098918711428441,2.6984807500860595,0.5949477205338394,0.6351648351648352,60.13196436845195,56.20651898074256,1.0698396815688644,3
375500,23,14.632258064516128,0.8216188436890114,2.0332915554163997,0.08025111252579017,0.27763173659827955,1.0,3.0701630994535365,2.8716796248840124,0.71430732815796,0.7333333333333334,29.047420527595975,30.853591468079678,0.94145994503258,1
375500,24H1,20.826446280991735,0.3369341430188124,0.572046695629889,-0.008948098747524409,-0.40016005587847137,0.44,0.7130738089154789,2.7536607123542622,0.4341293786401666,0.006060606060606061,35.76554064772981,37.44329873084136,0.9551920332881991,3
375500,24H2,28.682926829268293,0.34713672787978717,0.9011876754117729,0.03106166478530649,-0.05781957088882613,0.1686046511627907,0.990005772024193,2.5142342648825204,0.5780124495502109,0.5824175824175825,34.839688706020674,39.197824740550786,0.888816890646956,3
375500,25H1,17.084745762711865,0.7512931952993311,1.0122163291902109,1.0373674057167697,0.5776342934381009,0.4186046511627907,1.2599603268569586,2.9509963797125995,0.8368055306289789,0.9285714285714287,44.01469581607404,42.957135742356286,1.0246189615634682,2
375500,25H2,20.322580645161292,0.45987506571059583,1.7380885008300844,-0.29963147067639834,-0.4372138064227446,0.0,0.9284288960123963,2.760009940032921,0.5035083169679763,0.49090909090909085,41.360753645863404,39.22672706272019,1.054402361423911,3
375500,26,17.142857142857142,0.9441797906805435,2.816418413238772,0.7575115376898409,0.021506205220963682,0.5285714285714286,0.7148183403012909,2.9231615807191558,0.7767116886355003,0.6121212121212121,84.07629401534244,91.53438188500873,0.9185214591929445,2
377300,23,17.883870967741935,0.4537619222562897,0.605051208819391,-0.07131894909453591,-0.42566781542568366,0.9172932330827067,0.9903868231894857,2.5365786603323213,0.486896780351472,0.6363636363636364,37.60765751172766,39.1874646808234,0.9596859051239202,3
377300,24H2,28.682926829268293,0.6659024414371237,2.672215267871368,0.15593443788758923,-0.09531017980432477,0.9254658385093167,1.30293395054275,2.6026896854443837,0.6693519833852046,0.6571428571428571,42.071385543423666,47.54023271358238,0.8849638115339674,3
377300,25H2,20.322580645161292,1.7267853067964374,3.0278846270837088,0.9857422056743332,-0.18058393689541388,0.0,0.2866022903060892,3.0492730404820207,0.45317904632195477,0.9272727272727272,41.52700759246708,44.30180027032516,0.9373661417611344,2
377300,26,29.142857142857142,0.5213741281802707,0.8598995941929375,0.12527856695657735,-0.3360366016764015,0.107981220657277,1.0190964755529495,2.3817224135527697,0.9795413570059539,0.5343137254901961,73.59220602152753,71.17741320822397,1.0339263918771433,2
383220,23,14.632258064516128,0.37165110640809174,0.14576940759251533,-0.34674320285700055,-0.284104251103897,0.7058823529411765,0.8497588900574607,2.80672172860924,0.343169004343476,0.8833333333333333,38.520651723053824,42.58019043863764,0.9046613302156545,3
383220,24H1,22.90909090909091,0.39828686519056283,0.8923474536886301,-0.24473847468970383,-0.41871033485818493,0.20958083832335328,1.010690185651849,2.7379031642518914,0.5006777413586923,0.29090909090909095,38.13900136216481,37.47590901476566,1.0176938295783002,3
383220,24H2,18.439024390243905,0.38505810509275323,-0.15570870551172492,0.08317879822044873,-0.48015600070975367,0.1917808219178082,0.9053078522199483,2.7999876964278956,0.5223283267591268,0.7833333333333333,46.62766988442015,49.806404188428246,0.9361782012613826,3
383220,25H1,12.813559322033898,0.6428259808468547,0.1928312484523664,0.6212758699377061,0.3053816495511819,0.0,1.3320050543465356,2.803360380906535,0.6330360328736723,0.8857142857142858,41.33048033286887,42.67522791397404,0.9684888014232531,3
383220,25H2,18.290322580645164,0.6980861495634312,1.3246106345642163,0.45192930655058944,0.26797700137244856,0.0,0.9566852794307361,3.1780538303479458,0.6779641706363742,0.9,37.893445608749865,39.71814703431777,0.9540587474035156,3
383220,26,22.285714285714285,0.5228438532697807,1.1151177232540366,0.1580228921217514,-0.06684001812585046,0.5867346938775511,0.9893568129708538,2.777384894503274,0.4438126822992972,0.9120879120879121,57.26873999972823,49.801872877227204,1.1499314521947503,3
402340,23,22.761290322580646,0.40327125772398087,1.4260100234183672,0.22085311409198383,0.15942773692810217,0.8522727272727273,0.9887251102308551,2.531426665422893,0.39182686213674306,0.7714285714285714,38.55519403789336,38.16242341175473,1.010292077678108,3
402340,24H1,33.32231404958677,0.5814002991889701,2.9908120243518814,0.6038137137227259,0.31424909983650273,0.27741935483870966,0.9106642321214359,2.264363880173848,0.5430166090684341,0.4088235294117647,50.09940133219861,45.966690506464296,1.0899066428363628,2
402340,24H2,26.634146341463417,0.4088722146206429,0.9153846099772875,0.1768056893877362,0.17206505662676555,0.0,0.7907856673500364,2.5530444549552183,0.5103070694457156,0.8846153846153846,58.475763820264206,62.778620306782564,0.9314598430884362,3
402340,25H1,17.084745762711865,1.2995104407187075,2.7384819909466223,1.2253551176767195,0.780158557549575,1.0,4.410278422262009,2.8622008809294686,0.8011653320088358,0.9761904761904763,55.59853629999928,56.01769032792282,0.9925174703657033,1
402340,25H2,22.35483870967742,0.6604914443030262,1.6630409688691892,0.7716451122066408,0.19574457712609533,0.4817073170731707,0.7265825483315788,2.6060510331470885,0.6430566953444488,0.8181818181818182,69.43324685492581,61.184017879034215,1.1348265325137847,2
402340,26,25.71428571428571,0.9204244853561404,1.8707043367796745,0.9338046550976404,0.3829122234456914,0.5714285714285714,1.3713707391500054,2.538973871058276,0.7830566269719689,0.9035714285714285,102.25391160348991,98.90331623934145,1.0338774824904777,2
403870,23,12.39344262295082,0.5704210238963575,0.9824396100898731,0.857329461057608,0.5071826324874895,1.0,1.9666851248308634,3.115981401705568,0.483185696283896,0.8499999999999999,67.0231736707271,69.5291324176646,0.9639581473290348,1
403870,24H1,22.90909090909091,0.5027492777598089,1.456517044103686,0.21700687610895839,-0.9067212808580043,0.19078947368421054,0.9437607674451729,2.5365786603323213,0.9311753996235819,0.8272727272727273,63.296711221274826,66.90673192548753,0.9460439839113185,3
403870,24H2,20.48780487804878,0.47752586568958716,0.4939982943018181,-0.01690201309895771,-0.08489944378648616,0.23076923076923078,1.0838187546557316,2.803360380906535,0.3981899665540813,0.6606060606060605,54.85998667867244,61.02091445542499,0.8990358005655089,3
403870,25H1,21.35593220338983,0.42451409299661563,0.8738184628289627,0.00714644648697511,0.3746934494414107,0.0,0.6387626638306845,2.6026896854443837,0.4904203473096594,0.5636363636363636,52.45624274303631,54.979356151868274,0.9541079855161922,3
403870,25H2,20.322580645161292,0.7103251347377477,1.5209299420905995,0.5566940138435063,0.270645885299213,0.7076023391812866,0.8103849772693855,2.8390784635086144,0.7132745125865784,0.9393939393939393,51.80267750609646,52.26694016564794,0.9911174700856773,2
403870,26,22.285714285714285,0.5768545763936478,1.60332741605338,0.44969481358523233,-0.31947466025264193,0.7511737089201878,1.722722608288564,2.7029088016017915,0.59274241602701,0.4725274725274725,96.65287888921743,92.78634447983724,1.0416713734230623,2
440110,23,15.587628865979381,0.3768684008527676,0.8333727151531661,-0.4022312817050669,-0.5773153650348236,0.7613636363636364,1.1744370829972113,2.6968769005040847,0.7037332590810786,0.6,95.53111502099007,117.97184092044884,0.8097789631460353,3
440110,24H1,18.74380165289256,0.39554762777922287,0.4924551286749498,0.30110787311942677,-0.17662353567931688,0.0,1.1035167548300322,2.9502698994772336,0.43421125411062567,0.8166666666666667,64.21462316458224,83.62445877096552,0.7678928403047268,3
440110,24H2,12.292682926829269,0.4913924518525656,-0.5842315175191508,0.04426048445613505,-1.0799201556559572,0.5098039215686274,0.7173676263173119,3.164067588373206,0.8398429869975497,0.8857142857142858,68.9151023698158,67.93770789342528,1.01438662720155,3
440110,25H1,14.94915254237288,0.5865766200656582,1.157133454745194,0.12064293241379523,-0.2662030407746567,0.6226415094339622,1.0755327704800242,2.9740707767728116,0.47462096954770383,0.7142857142857144,59.41692556537132,63.64633250397093,0.9335483008650068,3
440110,25H2,18.290322580645164,1.0270435879433342,2.6262203926416032,1.0880696680783069,0.3448404862917296,0.527027027027027,0.7703103931071544,2.751535313041949,0.7100615572751167,0.6,75.70422874783854,67.31861473837206,1.1245660511889086,2
440110,26,17.142857142857142,1.0295211685528154,1.8024070360063105,0.9028540599819955,0.034486176071169404,0.21978021978021978,0.5188301615056673,3.1441522786722644,0.7821689172345437,0.5272727272727272,116.32374585197798,113.67641597201046,1.023288294738456,2
443060,24H2,22.53658536585366,0.48324302192829816,0.8401299521631185,0.17530917930559706,-0.07220830834092587,0.7278911564625851,0.7584116049850044,2.6646997602285962,0.45681999265377055,0.8000000000000002,60.40758499998579,60.22773270181357,1.0029862040310011,3
443060,25H1,25.627118644067796,0.5392988685782858,0.5607498975971555,0.4698387938183841,-0.1069721195521677,0.4195804195804196,0.5815556522680912,2.3902906734131513,0.4916840808909967,0.27272727272727276,52.4274752968396,53.09237598575818,0.9874765316757168,3
443060,25H2,18.290322580645164,0.42099089135685414,0.3960719811881279,0.2910322457448262,0.09297645645810457,0.0,1.1708757275623065,3.0231312477421057,0.34580867208869387,0.8666666666666667,49.65403994032896,52.09840122299551,0.9530818369607156,3
443060,26,32.57142857142857,0.7242433174426416,3.0110258382385306,0.26927161365098196,-0.2586048615435854,0.5555555555555556,1.206409316288668,2.3538783873815965,0.6069504830617476,0.5859649122807017,70.25903783051608,58.844759935622015,1.1939727157929039,2
450080,24H1,14.578512396694215,0.35059180295722764,0.33530883390239974,0.029613395779727984,-0.7576857016975165,1.0,1.2530335553732646,3.016934481204594,0.62359431635267,0.5714285714285715,82.54811225346789,79.26882818101625,1.041369150367193,3
450080,24H2,16.390243902439025,0.6949370398364055,1.9685311389639888,0.04549975266909231,-0.2113090936672069,0.5590062111801242,0.8326475471262181,2.9444389791664403,0.5765500605317538,0.7857142857142858,72.46472504790871,74.63483405055842,0.9709236440295472,2
450080,25H1,21.35593220338983,0.5478565964927503,1.2037406317082442,-0.0027343821911098355,-0.2726441950872404,0.30409356725146197,0.6735523814384228,2.740840023925201,0.45746338464908914,0.38181818181818183,65.4216107001229,67.5450529382154,0.9685625794085193,3
450080,25H2,28.451612903225808,0.6296866478084999,2.7104215318276355,0.4505058187581207,-0.14842000511827333,0.7228915662650602,1.0103095781469251,2.4485390056171252,0.3948836255705943,0.46373626373626364,56.50933834419282,57.22723677874363,0.9874553014445481,2
450080,26,27.428571428571427,0.40379460403848905,0.837872287390205,0.018175611604413933,-0.15267684020895775,0.0821256038647343,1.002228814871499,2.5745188084776873,0.6494092902814487,0.3029411764705882,79.85782672300203,77.76243595401243,1.0269460536219415,2
454910,24H1,18.74380165289256,0.6060565996670162,0.7548003169766325,0.20043053356208668,-0.2555788270673636,0.0,0.5022807859476522,3.0231312477421057,0.32825322940535934,0.9500000000000001,49.022511852458436,57.83731286151533,0.847593178642948,3
454910,24H2,22.53658536585366,0.5815538784806328,1.1524129705569235,-0.002881531500344679,-0.44507424620321034,0.19662921348314608,1.0767883015510689,2.6646997602285962,0.40627784683873425,0.8636363636363636,62.390333999236994,61.636271126974364,1.012234076761542,3
454910,25H1,14.94915254237288,0.6390864292407141,-0.002627902228023296,0.42426755432949387,-0.07061756721395342,0.0,1.0048808285705038,3.0513021247088017,0.5658758571948677,0.8571428571428573,50.94355015374005,54.34181874152709,0.937464945662738,3
454910,25H2,20.322580645161292,0.6756583870415144,1.5660405315896526,0.5042118439938602,-0.055569851154810765,0.6766917293233082,1.4838610576792544,2.667228206581955,0.49776592798946706,0.8666666666666665,58.65807765713597,53.93285661179924,1.087613031131434,2
454910,26,24.0,0.6734847517578285,1.060909794059417,0.41156446672619035,-0.2933478099874583,0.7050691244239631,1.6138666471219623,2.6888188391743224,0.688662657310533,0.5384615384615385,90.35733964162235,86.34866567974268,1.0464242722261323,2
950160,23,14.632258064516128,0.4234899741559769,0.6723038839709036,0.05366792113362565,-0.5792029212107275,0.35051546391752575,0.7805588725239878,2.9267394020670396,0.780011773851484,0.7333333333333334,40.63896129465396,40.09837678234506,1.013481456250541,3
950160,24H1,29.15702479338843,0.5990654417836169,1.042171347654812,0.582731292046186,0.15600424847658118,0.0,0.810820502981768,2.4789364828014966,0.5516536986120238,0.6351648351648352,71.53182977555275,68.40238210074665,1.0457505656776234,2
950160,24H2,22.53658536585366,0.9798403447715964,1.9133939897483363,0.8024680615474219,-0.3307415619122278,1.0,1.4729324277078657,2.6897010624340134,0.7382777983967471,0.7000000000000001,66.00574307834928,70.01029134762956,0.9428005769980864,2
950160,25H1,17.084745762711865,1.130601829632321,2.7033653387608862,0.906953804146369,0.4054651081081644,0.43352601156069365,0.6097695756331163,2.9639835752394106,0.7038723616336141,0.9523809523809524,76.74611784590763,85.51844109976818,0.8974218526314516,2
950160,25H2,20.322580645161292,1.0821180992950747,2.715017287885045,0.8611856580680077,-0.2772107725844855,0.831081081081081,1.7456471228114223,2.8154087194227095,0.5750789631704672,0.9272727272727272,61.04717126058986,65.25484711132509,0.9355193363098849,1
950160,26,22.285714285714285,0.6250510356976869,1.7541667667846081,0.13649700097560186,-0.24697602668230775,1.0,1.775529188269763,2.6925460145662448,0.6031705749428198,0.5989010989010989,98.22284592265919,96.76685138357502,1.0150464184611396,2
