{
  "item": "M1",
  "name": "국면 신호 속도×그룹 정합 (Phase vs Label)",
  "by_horizon": {
    "5": {
      "baseline_median_%": {
        "타이밍형": 0.0,
        "추세형-우상향": 0.33277870216306127,
        "추세형-우하향": -0.18539480002743858
      },
      "n_obs": {
        "타이밍형": 62459,
        "추세형-우상향": 83048,
        "추세형-우하향": 1488
      },
      "by_signal": {
        "Phase_down": {
          "타이밍형": {
            "n_events": 831,
            "freq_%": 1.3304727901503386,
            "median_%": 0.21459227467810482,
            "whipsaw_up_rate": 0.5138387484957883,
            "exit_edge_%": -0.21459227467810482
          },
          "추세형-우상향": {
            "n_events": 951,
            "freq_%": 1.1451208939408535,
            "median_%": 0.7716049382715973,
            "whipsaw_up_rate": 0.573080967402734,
            "exit_edge_%": -0.438826236108536
          },
          "추세형-우하향": {
            "n_events": 11,
            "freq_%": 0.739247311827957,
            "median_%": -2.3192360163710735,
            "whipsaw_up_rate": 0.45454545454545453,
            "exit_edge_%": 2.133841216343635
          }
        },
        "Label_down": {
          "타이밍형": {
            "n_events": 1930,
            "freq_%": 3.090027057749884,
            "median_%": 0.0,
            "whipsaw_up_rate": 0.4927461139896373,
            "exit_edge_%": 0.0
          },
          "추세형-우상향": {
            "n_events": 2689,
            "freq_%": 3.237886523456315,
            "median_%": 0.3316749585406287,
            "whipsaw_up_rate": 0.5191521011528449,
            "exit_edge_%": 0.0011037436224325958
          },
          "추세형-우하향": {
            "n_events": 54,
            "freq_%": 3.6290322580645165,
            "median_%": -0.4143488422633901,
            "whipsaw_up_rate": 0.46296296296296297,
            "exit_edge_%": 0.2289540422359515
          }
        }
      }
    },
    "10": {
      "baseline_median_%": {
        "타이밍형": 0.09842519685039353,
        "추세형-우상향": 0.7968127490039834,
        "추세형-우하향": -0.783193417495448
      },
      "n_obs": {
        "타이밍형": 62029,
        "추세형-우상향": 82493,
        "추세형-우하향": 1478
      },
      "by_signal": {
        "Phase_down": {
          "타이밍형": {
            "n_events": 822,
            "freq_%": 1.3251866062648117,
            "median_%": 0.4407857400815174,
            "whipsaw_up_rate": 0.5352798053527981,
            "exit_edge_%": -0.34236054323112386
          },
          "추세형-우상향": {
            "n_events": 937,
            "freq_%": 1.1358539512443482,
            "median_%": 2.1511627906976694,
            "whipsaw_up_rate": 0.6221985058697972,
            "exit_edge_%": -1.354350041693686
          },
          "추세형-우하향": {
            "n_events": 11,
            "freq_%": 0.7442489851150204,
            "median_%": -1.7799352750809017,
            "whipsaw_up_rate": 0.45454545454545453,
            "exit_edge_%": 0.9967418575854536
          }
        },
        "Label_down": {
          "타이밍형": {
            "n_events": 1901,
            "freq_%": 3.064695545631882,
            "median_%": 0.0,
            "whipsaw_up_rate": 0.49658074697527615,
            "exit_edge_%": 0.09842519685039353
          },
          "추세형-우상향": {
            "n_events": 2645,
            "freq_%": 3.2063326585286025,
            "median_%": 0.9287925696594534,
            "whipsaw_up_rate": 0.5474480151228733,
            "exit_edge_%": -0.1319798206554701
          },
          "추세형-우하향": {
            "n_events": 53,
            "freq_%": 3.585926928281461,
            "median_%": -1.5075376884422065,
            "whipsaw_up_rate": 0.4339622641509434,
            "exit_edge_%": 0.7243442709467585
          }
        }
      }
    },
    "20": {
      "baseline_median_%": {
        "타이밍형": 0.3350083752093891,
        "추세형-우상향": 1.7276422764227695,
        "추세형-우하향": -1.0617124781158283
      },
      "n_obs": {
        "타이밍형": 61169,
        "추세형-우상향": 81383,
        "추세형-우하향": 1458
      },
      "by_signal": {
        "Phase_down": {
          "타이밍형": {
            "n_events": 793,
            "freq_%": 1.296408311399565,
            "median_%": 2.127659574468077,
            "whipsaw_up_rate": 0.5800756620428752,
            "exit_edge_%": -1.792651199258688
          },
          "추세형-우상향": {
            "n_events": 929,
            "freq_%": 1.1415160414337147,
            "median_%": 3.687315634218291,
            "whipsaw_up_rate": 0.6372443487621098,
            "exit_edge_%": -1.9596733577955217
          },
          "추세형-우하향": {
            "n_events": 11,
            "freq_%": 0.7544581618655692,
            "median_%": -3.547066848567526,
            "whipsaw_up_rate": 0.2727272727272727,
            "exit_edge_%": 2.485354370451698
          }
        },
        "Label_down": {
          "타이밍형": {
            "n_events": 1860,
            "freq_%": 3.040755938465563,
            "median_%": 0.49237500492375075,
            "whipsaw_up_rate": 0.5182795698924731,
            "exit_edge_%": -0.15736662971436166
          },
          "추세형-우상향": {
            "n_events": 2596,
            "freq_%": 3.189855375201209,
            "median_%": 1.3350579370402404,
            "whipsaw_up_rate": 0.5481510015408321,
            "exit_edge_%": 0.392584339382529
          },
          "추세형-우하향": {
            "n_events": 52,
            "freq_%": 3.5665294924554183,
            "median_%": 0.9819687941702737,
            "whipsaw_up_rate": 0.5384615384615384,
            "exit_edge_%": -2.043681272286102
          }
        }
      }
    }
  }
}