{
  "V11": {
    "item": "V11",
    "name": "와이코프 DIST_CONFIRM",
    "expect": {
      "홀드": "-",
      "타이밍": "?"
    },
    "note": "홀드셀에서 청산 유효 vs 전체역효과 재검토(핵심)",
    "by_horizon": {
      "5": {
        "horizon": 5,
        "mode": "raw",
        "n_total": 641,
        "by_group": {
          "타이밍-타이밍": {
            "n": 187,
            "mean_%": 0.7968392190097302,
            "median_%": 0.8210180623973828,
            "hit_rate": 0.5614973262032086
          },
          "추세-추세": {
            "n": 324,
            "mean_%": 1.2749470556089049,
            "median_%": 0.9774919252703462,
            "hit_rate": 0.5740740740740741
          },
          "추세-타이밍": {
            "n": 69,
            "mean_%": -0.39146071586214265,
            "median_%": -1.171303074670571,
            "hit_rate": 0.43478260869565216
          },
          "타이밍-추세": {
            "n": 61,
            "mean_%": 0.9068281682286868,
            "median_%": -0.3775620280474623,
            "hit_rate": 0.47540983606557374
          }
        }
      },
      "10": {
        "horizon": 10,
        "mode": "raw",
        "n_total": 633,
        "by_group": {
          "타이밍-타이밍": {
            "n": 184,
            "mean_%": 2.0115260054305346,
            "median_%": 1.28945139588027,
            "hit_rate": 0.5434782608695652
          },
          "추세-추세": {
            "n": 320,
            "mean_%": 2.418414379284368,
            "median_%": 1.4118816803380563,
            "hit_rate": 0.5625
          },
          "추세-타이밍": {
            "n": 69,
            "mean_%": 0.8905667291344472,
            "median_%": -2.2610483042137752,
            "hit_rate": 0.36231884057971014
          },
          "타이밍-추세": {
            "n": 60,
            "mean_%": 1.5244225870028325,
            "median_%": -0.21740745873274903,
            "hit_rate": 0.48333333333333334
          }
        }
      },
      "20": {
        "horizon": 20,
        "mode": "raw",
        "n_total": 610,
        "by_group": {
          "타이밍-타이밍": {
            "n": 180,
            "mean_%": 3.22041748997153,
            "median_%": 1.4369501466275691,
            "hit_rate": 0.55
          },
          "추세-추세": {
            "n": 307,
            "mean_%": 3.024325488854081,
            "median_%": 1.0460251046025215,
            "hit_rate": 0.5504885993485342
          },
          "추세-타이밍": {
            "n": 65,
            "mean_%": 3.260136733916123,
            "median_%": -1.643489254108721,
            "hit_rate": 0.38461538461538464
          },
          "타이밍-추세": {
            "n": 58,
            "mean_%": 3.609720180301039,
            "median_%": 0.2659769298823944,
            "hit_rate": 0.5
          }
        }
      }
    }
  }
}